"Term name (NOT TO BE EDITED, but see comments in column K)",acronym/abbreviation (Editors can insert suggestions),Pending discussion,"skos:definition @en                                                          Comments welcome, but DO NOT EDIT column D (FdJ will do that based on comments in column M). Note that in some cases the original can still be checked in column R",project/community/source,source indications in the source,date (internal information only),select (Editors in favour of selection can add a smart chip/their initials) ,to be discussed (Editors in favour of discussion can add a smart chip/their initials) ,reject (Editors in favour of rejection can add a smart chip/their initials) ,final decision (verdict to be specified based on consensus/majority; probably not before 13 July),status: current / not used / outdated; annotated with user initials,"editorial comments, annotated with user initials (light grey font: no further actionr equired on short notice)",URI (without namespace); capitalisation for internal purposes only; DO NOT EDIT,skos:prefLabel @en,skos:altLabel @en;  column NOT TO BE EDITED;  relevance of this column still under  discussion ,skos:broader,original definition @en,skos:note @en,skos:example @en,skos:exactMatch,skos:closeMatch
NOTE: discipline vs domain could benefit from some more clarification in order to align the various entries/definitions,,,,,,,,,,,,,,,,,,,,,
NOTE: for most governance-related terms the definitions may have to be aligned before a final selection can be made,,,,,,,,,,,,,,,,,,,,,
access,,to be checked by all ,protocol for availability of research data and services to users,"OSCARS Glossary TaskForce 2026, based on several sources, incl. ESFRI Report on Access to Research Infrastructures and Charter on Access to RIs;     https://zenodo.org/doi/10.5281/zenodo.10533244 ",,2026-09-02,,,,select,,,Access,access,,,,"The ESFRI report distinguishes a diversity of access types (physical, remote, virtual) ad nature of services offered. Access policies (open, restricted) is dependent on a range of conditions, including ownership and sensitivity issues.","Listed in the Access Charter:  machine time, computing resources, software, data, data-communication services, trust and authentication services, sample preparation, archives, collections, the set-up, execution and dismantling of experiments, education and training, expert support and analytical services",,
administrative metadata,,,metadata​ necessary to allow the proper management of a ​resource​ in a ​repository​.,EOSC Glossary September 2020,"ISO/TR 14873:2013, modified –– reference to metadata instead of information; Note 1 to entry has been broken up into independent concepts; reference to resource instead of digital objects.",2020-09-01,Franciska de Jong Joaquin Lopez Lorenz Makula Alberto Iess MN,,,select,,"Important for management of investigation data
JLL: Fundamental for research data management. SELECT directly.",AdministrativeMetadata,administrative metadata,,metadata,metadata​ necessary to allow the proper management of a ​resource​ in a ​repository​.,"Administrative metadata can be categorised as ​provenance or context metadata​, ​technical​ and ​rights metadata​.",,,
Authentication and Authorisation Infrastructure,AAI,,"service (or distributed set of services) which enables users to be identified and to access protected information, other services or functionality.",EOSCFuture project glossary,,2024-03-29,Franciska de Jong Joaquin Lopez Alberto IessLorenz Makula MN,,,select,,,AuthenticationAndAuthorisationInfrastructure,Authentication and Authorisation Infrastructure,AAI,service,"A service (or distributed set of services) which enables users to be identified and to access protected information, other services or functionality.",,,,
certified repository,,,"digital data archive that has been evaluated and approved by an independent authority to meet standards for reliability, data integrity, and long-term preservation.","OSCARS Glossary TaskForce 2026, based on several sources",,2026-07-13,Franciska de Jong FF,,,select,can be rediscussed after first release,Include reference to e.g. TRUST?   FdJ: To be checked if there is an OSCARS source that provides a better definition,CertifiedRepository,certified repository,,repository,,"Repository certification, such as CoreTrustSeal, offers to any interested data repository a core level certification based on the Core Trustworthy Data Repositories (TDR) requirements.",,,
competence centre,,,virtual hub dedicated to fostering research excellence through training and knowledge transfer. ,https://oscars-project.eu/clusters-open-science-competence-centres,,2026-07-03,Franciska de Jong Joaquin Lopez Alberto IessLorenz Makula MN,,,select,,Earlier definition adjusted to match the ISO standards,CompetenceCentre,competence centre,,,,"Specifically in the context of OSCARS: community-based initiative supported by a collaborative science cluster network of people providing expertise, best practices and services in relation to Open Science, and the promotion of cross-disciplinary collaboration.",,,
component,,to be checked by all ,resource that functions independently but that can be easily assembled or reconfigured with other resources to create new workflows or applications.                   ,"OSCARS Glossary TaskForce 2026, based on several sources, incl. OSCARS D2.1 - Clusters' Services and Data Sources Portfolios; https://zenodo.org/records/14881627",,2026-09-02,,,,select,,,Component,component,,,,,,,
composability,,,"ability to combine and integrate smaller, modular components or services into more complex systems",OSCARS D2.1 - Clusters' Services and Data Sources Portfolios; https://zenodo.org/records/14881627,,2026-07-03,Franciska de Jong Joaquin Lopez Lorenz Makula Alberto Iess MN,,,select,,,Composability,composability,,,,,,,
data,,,"codified, fixed and transmissible information, that may be arranged for automatic processing",https://www.wikidata.org/wiki/Q42848,,2026-07-23,Franciska de Jong Joaquin Lopez  IMS  MN,Alberto Iess,Lorenz Makula,select,can be rediscussed after first release; ,"FdJ: we need 'data' in the set of terms  to be able to express links with other terms; 'digital data' now also added;  FdJ: Earlier definition adjusted because in the context of EOSC ""data"" is not only digital (as mentioned by MN and IvdL).",Data,data,,component,,"In the ​EOSC ecosystem​ (research) data can be digital, analogue or heterogenous in nature.","Sequences of bits, code, measurements, text, recordings,  ",,
data curation,,,"managed process, throughout the ​data life-cycle​, by which ​data are cleansed, documented, standardized, formatted and interrelated. ",EOSC Glossary September 2020,"ISO 5127:2017, modified –– reference to data instead of data/data collections.",2020-09-01,Franciska de Jong Joaquin Lopez Lorenz Makula IMS Alberto Iess MN,,,select,,,DataCuration,data curation,,data,"managed process, throughout the ​data life-cycle​, by which ​data are cleansed, documented, standardized, formatted and interrelated. ",,,,
data infrastructure,,,digital infrastructure​ enabling ​services​ for supporting the ​data life-cycle​.,"OSCARS Glossary TaskForce 2026, based on several sources",,2026-07-13,Franciska de Jong Joaquin Lopez Lorenz Makula IMS Alberto Iess,,,select,can be rediscussed after first release,"FdJ: definition adjusted to EOSC context; ICT removed from definition
",DataInfrastructure,data infrastructure,,data,,,,,
data life-cycle,,,all stages in the existence of ​data​ from creation to destruction.,EOSC Glossary September 2020,"RDA DFT IG. (2019). Term Definitions Version 4.0 ""Philadelphia"". https://smw-rda.esc.rzg.mpg.de/dft-4.0.html​, modified –– reference to data instead of digital information; ​following the comments​ the concept has been added.",2020-09-01,Joaquin Lopez Alberto IessLorenz Makula,Franciska de Jong,,select,can be rediscussed after first release,,DataLifeCycle,data life-cycle,,data,all stages in the existence of ​data​ from creation to destruction.,,,,
data management,,,"activities of defining, creating, storing, maintaining and providing access to ​data​ and associated processes in one or more information systems.",EOSC Glossary September 2020,ISO/IEC TR 10032:2003.,2020-09-01,Franciska de Jong Joaquin Lopez Lorenz Makula IMS Alberto Iess MN,,,select,,,DataManagement,data management,,data,"activities of defining, creating, storing, maintaining and providing access to ​data​ and associated processes in one or more information systems.",,,,
data management plan,DMP,,document describing the data that is used and produced during the course of research activities.,"OSCARS Glossary TaskForce 2026, based on several sources",,2026-07-23,Franciska de Jong,,,select,,FdJ: added after consensus process; one of the sources: https://www.rd-alliance.org/groups/dmp-common-standards-wg/outputs/?output=94576,DataManagementPlan,data management plan,DMP,data management,,"A variant is the notion of machine-actionable DMP (maDMP): a structured digital format for research data plans that allows systems and tools to automatically rprocess project information and to enable the exchange of information between systems acting on behalf of stakeholders involved in the research life cycle, such as, researchers, funders, repository managers, ICT providers, librarians, etc.",,,
data stewardship,,,formalized ​data management and oversight of an ​organization​'s ​data (by a data steward) to help provide ​end-users​ with high-quality data that is easily accessible in a consistent manner.,EOSC Glossary September 2020,"RDA DFT working group. (2019). DFT Vocabulary 4.0 Philadelphia. https://smw-rda.esc.rzg.mpg.de/dft-4.0.html​, modified –– reference to data management instead of management; reference to data instead of data assets/resources; reference to end-users instead of business users.",2020-09-01,"Franciska de Jong, Joaquin Lopez Lorenz Makula IMS Alberto Iess MN",,,select,,,DataStewardship,data stewardship,,data management,formalized ​data management and oversight of an ​organization​'s ​data (by a data steward) to help provide ​end-users​ with high-quality data that is easily accessible in a consistent manner.,"A DMP specifies where the data will be archived, which licenses and constraints apply, to whom credit should be given, etc.",,,
descriptive metadata,,,metadata​ about the content of a ​resource​ that aids in finding or understanding it.,EOSC Glossary September 2020,"Riley, J., & National Information Standards Organization (U.S.). (2017). Understanding metadata: What is metadata, and what is it for? http://www.niso.org/publications/understanding-metadata-riley​, modified –– reference to resource.",2020-09-01,Franciska de Jong Joaquin Lopez Lorenz Makula IMS MN,,,select,,,DescriptiveMetadata,descriptive metadata,,metadata,metadata​ about the content of a ​resource​ that aids in finding or understanding it.,,,,
digital data,,,information in digital form,"OSCARS Glossary TaskForce 2026, based on several sources",,2026-07-13,Franciska de Jong,,,select,can be rediscussed after first release,FdJ: seleted to cover the terms related to data more completely,DigitalData,digital data,,data,,,,,
digital infrastructure,,,infrastructure constituted by a physical layer (hardware) and an abstraction layer (software) that is based on the physical one.,EOSC Glossary September 2020,,2020-09-01,Franciska de Jong Joaquin Lopez Lorenz Makula IMS Alberto Iess,,,select,can be rediscussed after first release,"FdJ: not very specific, but as indictaed by MN, needed for the relation with data infrastrcuture",DigitalInfrastructure,digital infrastructure,,,infrastructure constituted by a physical layer (hardware) and an abstraction layer (software) that is based on the physical one.,"Digital infrastructures, unlike physical ones, are generative: they can be used recursively to create new digital infrastructures.",,,
digital object,,,"any kind of digital resource (in particular scholarly objects) made available through network access, interactive databases, software, and workflows.",,,2020-09-01,Franciska de Jong  Lorenz Makula IMS,Joaquin Lopez,,select,can be rediscussed after first release,"to be checked if this part from column F can be deleted: Kahn, R. E., & Ely, D. K. (2000). ​United States Patent: 6135646 - System for uniquely and persistently identifying, managing, and tracking digital objects​ (Patent No. 6135646). http://patft.uspto.gov/netacgi/nph-Parser?Sect1=PTO1&Sect2=HITOFF&d=PALL&p=1&u=%2Fn etahtml%2FPTO%2Fsrchnum.htm&r=1&f=G&l=50&s1=6,135,646.PN.&OS=PN/6,135,646&RS= PN/6,135,646​, modified –– reference to data instead of sequences of bits or digits; Note 1 to entry has been added; Corcho, O., Eriksson, M., Kurowski, K., Ojsteršek, M., Choirat, C., Sanden, M. van de, & Coppens, F. (2020). ​EOSC Interoperability Framework​ (Draft for Community Consultation v1.0). EOSC Executive Board, FAIR Working Group and Architecture Working Group; ​following the comments​ the concept has been added.",DigitalObject,digital object,DO,data,any set of ​data​ and an associated unique identifier.,"A digital object allows to bind all critical information about any entity together, including ​research data​, software, scientific workflows, hardware designs, protocols, provenance logs, publications, presentations, etc., as well as all their ​metadata​ (for the complete object and for its constituents).",,,
domain repository,,see cell A3,data repository​ with records for a specific discipline or disciplinary domain,"OSCARS Glossary TaskForce 2026, based on several sources",EOSC Glossary September 2020,2026-07-13,,Franciska de Jong Joaquin Lopez Lorenz Makula MN,,select,can be rediscussed after first release,"JLL: Related to thematic/disciplinary repositories — DISCUSS. IvdL: According to ISO, we should define concepts starting with the superordinate concept, in this case ""data repository"". [FdJ: done, but: still lookimg fot a way to link to  ""thematic"" . }",DomainRepository,domain repository,,research data repository | thematic service,,,,,
e-infrastructure,,,infrastructure enabling digital services for data- and computing-intensive research in virtual and collaborative environments. ,"OSCARS Glossary TaskForce 2026, based on several sources",EOSC Glossary September 2020,2020-09-01,Franciska de Jong Joaquin Lopez Lorenz Makula IMS,,,select,can be rediscussed after first release,"FdJ: the definition couldbe adjusted to underline the generic (vs. thematic) nature of the infra 
JLL: LifeWatch is an e-infrastructure. Propose SELECT.
MN: please don't use ICT in definition without explaining it; FdJ: ICT ref removed; still to be adjusted to distinction 'generic vs. thematic'",EInfrastructure,e-infrastructure,,,,,,,
ENVRI,,,"European network of environmental research infrastructures, projects, and stakeholders working together to advance environmental research",https://envri.eu/,,2026-06-30,Franciska de Jong Joaquin Lopez Lorenz Makula MN,,,select,,,Envri,ENVRI,,science cluster,,,,,
EOSC Association,EOSC-A,see cell A3; creation of a domain: EOSC Association?,international non-profit organisation (AISBL) based in Brussels to represent the interest of the EOSC stakeholder community. ,EOSCFuture project glossary,,2024-03-29,Franciska de Jong Joaquin Lopez Lorenz Makula IMS MN,,,select,,"FdJ: definition  to be checked against definition in EOSC Handbook 2026; see page.16 |
Multiple entirs; retain only one |  IvdL: Propose to add the second part to the Notes field.  FdJ: done",EoscAssociation,EOSC Association,EOSC-A,,An international non-profit organisation (AISBL) based in Brussels to represent the interest of the EOSC stakeholder community. The association is a partner with the European Commission in the EOSC Partnership and has developed and will continuously update a Strategic Research and Innovation Agenda (SRIA) to advise the European Commission on the development and implementation of EOSC.,The association is a partner with the European Commission in the EOSC Partnership and has developed and will continuously update a Strategic Research and Innovation Agenda (SRIA) to advise the European Commission on the development and implementation of EOSC. | Domain: EOSC Association,,eoscG2020:EoscAssociation,
EOSC Board of DIrectors,,see cell A3; creation of a domain: EOSC Association?,body of representatives of the EOSC Association that is responsible for the day-to-day operational management of the EOSC Association. The board reports to the general assembly.,https://eosc.eu/eosc-association/board-directors,,2020-07-01,Franciska de Jong,,,select,,,EoscBoardOfDirectors,EOSC Board of Directors,,,,,,,
EOSC Exchange,,,"the set of services, datasets and other
research products collectively provided by EOSC Nodes and made accessible through
the EOSC Federation.",EOSC Federation Handbook; https://zenodo.org/records/18454649,,2026-06-30,Lorenz Makula Franciska de Jong Joaquin Lopez MN,,,select,,,EoscExchange,EOSC Exchange,,,,,,,
EOSC Federation,,see cell A3,"network of EOSC Nodes that collectively integrate their resources to provide shared system-level functions, known as Federating Capabilities. ",EOSC Federation Handbook; https://zenodo.org/records/18454649,,2026-06-30,Franciska de Jong Joaquin Lopez Lorenz Makula MN,,,select,,FdJ: Earlier definition adjusted to match the ISO standards,EoscFederation,EOSC Federation,,,,"The EOSC Federation is a system of systems, built as a
distributed network of services to enable Open Science across disciplinary and national borders. | The Federating Capabilities include a common catalogue for resource discovery, a federated user login system (AAI), and coordinated monitoring. ",,,
EOSC Federation Handbook,,,document describing the organisational and operational structure and technical characteristics of the EOSC Federation.,https://eosc.eu/building-the-eosc-federation/eosc-federation-handbook; see also: https://zenodo.org/records/18454649,,2026-07-13,Franciska de Jong FF,,,select,can be rediscussed after first release,FdJ: added during consensus process. ,EoscFederationHandbook,EOSC Federation Handbook,,EOSC Federation,,,,,
EOSC General Assembly,,see cell A3; creation of a domain: EOSC Association?,"the supreme authority of the EOSC Association, composed of one delegate per member with voting rights and one representative per observer without voting rights.",https://eosc.eu/members,,2026-07-13,Franciska de Jong FF,,,select,can be rediscussed after first release,FdJ: added during consensus process,EoscGeneralAssembly,EOSC General Assembly,,,,,,,
EOSC Horizon Europe project,,,project funded under Horizon Europe to support the implementation of EOSC.,"OSCARS Glossary TaskForce 2026, based on several sources; ",,2026-07-13,Franciska de Jong FF,,,select,can be rediscussed after first release,"FdJ: added during consensus process; IvdL: Propose to improve the definition as "" project funded under the Horizon Europe programme to support the implementation of EOSC"". FdJ: done",EOSCHorizonEuropeproject,EOSC Horizon Europe project,,,,See also: https://eosc.eu/horizon-europe-projects,,,
EOSC Interoperability Framework ,EOSC IF,,extensible framework of guidelines that define the technical requirements to implement the interoperability and composability of the EOSC Federated resources. ,EOSC Federation Handbook; https://zenodo.org/records/18454649,,2026-06-30,Franciska de Jong Lorenz Makula Joaquin Lopez,,,select,,"IvdL: definition is too extensive, the second part should be added to the Notes field. EOSC IF is the acronym and should be listed as an exact match. In the Notes mention that ""EOSC IF promotes standards and best practices while allowing providers the freedom to develop and operate provider-specific implementations that conform to its guidelines"". (left out "" is a reference framework"" from the second part, not necessary, already defined) FdJ: adjusted",EoscInteroperabilityFramework,EOSC IF,EOSC-IF,,,EOSC IF promotes standards and best practices while allowing providers the freedom to develop and operate provider-specific implementations that conform to the EOSC IF guidelines and standards.,,,
EOSC knowledge hub,,,curated collection of resources supporting EOSC users and stakeholders in understanding and contributing to EOSC.,EOSCFuture project glossary,https://wiki.eoscfuture.eu/display/PUBLIC/EOSC+Future+Glossary,2021-06-01,Franciska de Jong Lorenz Makula Joaquin Lopez Alberto Iess,,,select,can be rediscussed after first release,"FdJ: Definition update welcome. MAybe leave out for now? 
MN: EOSC Knowledge Hub?  FdJ: better indeed; adjusted accordingly",EoscKnowledgeHub,EOSC knowledge hub,,,A curated collection of resources supporting EOSC users and stakeholders in understanding and contributing to EOSC.,,,,
EOSC Mandated Organisation,,see cell A3; creation of a domain: EOSC Association?,​EOSC-A member​ appointed by the governement of a country to represent the national interests in EOSC. ,adapted from https://eosc.eu/eosc-association/mandated-organisations,"EOSC AISBL Statutes, (2020), FINAL. https://www.eoscsecretariat.eu/sites/default/files/eosc_statutes.pdf​.",2026-07-03,Franciska de Jong Joaquin Lopez,,Lorenz Makula Alberto Iess MN,select,can be rediscussed after first release,,EoscMandatedOrganisation,EOSC Mandated Organisation,,EOSC Member,Member​ appointed by a Member State or an Associated Country to represent national interests,,,,
EOSC Member,,see cell A3; creation of a domain: EOSC Association?,European ​legal entity​ admitted to the ​EOSC Association​ with full voting rights in the General Assembly.,"OSCARS Glossary TaskForce 2026, based on several sources; see also https://eosc.eu/members","EOSC AISBL Statutes, (2020), FINAL. https://www.eoscsecretariat.eu/sites/default/files/eosc_statutes.pdf​.",2020-09-01,Franciska de Jong Joaquin Lopez Lorenz Makula Alberto Iess,,,select,can be rediscussed after first release,FdJ: term 'Member' changed into  'EOSC Member'; 'European-only' adjusted ,EoscMember,EOSC Member,,,European-only ​legal entity​ admitted to the ​EOSC Association​ with full rights,,,,
EOSC national tripartitie events,,see cell A3; creation of a domain: EOSC Association?,series of events organised by the EOSC-A to more deeply engage the Member States and the Associated Countries in EOSC,https://eosc.eu/tripartite-collaboration,,2026-07-23,Franciska de Jong ,,,select,,FdJ: added after consensus process. ,EoscNationalTripartitieEvent,EOSC national tripartitie event,,EOSC Tripartite Governance,,Post-event reports and presentations from these events can be found on the individual country pages.,,,
EOSC Node,,,"organisation that complies with the EOSC Federation policies and legal framework, and shares resources at the local, national, regional, thematic or European level. ",EOSC Federation Handbook; https://zenodo.org/records/18454649,,2026-06-30,Franciska de Jong Joaquin Lopez Lorenz Makula Alberto Iess MN,,,select,,FdJ: adjusted to comply with ISO standard,EoscNode,EOSC Node,,,,"An EOSC Node offers resources that provide added value to the EOSC Federation and implements Federating Capabilities in collaboration with other EOSC Nodes. Each EOSC Node is responsible for its autonomy, governance and resources. It operates its own platform, complying with the EOSC IF technical framework, and the EOSC Node architecture.",,,
EOSC Observer,,see cell A3; creation of a domain: EOSC Association?,​legal entity​ admitted to the ​EOSC Association​ with limited rights.,EOSC Glossary September 2020,"EOSC AISBL Statutes, (2020), FINAL. https://www.eoscsecretariat.eu/sites/default/files/eosc_statutes.pdf​",2020-09-01,Franciska de Jong Joaquin Lopez Lorenz Makula Alberto Iess,,,select,,FdJ: term 'Observer' changed into  'EOSC Observer',EoscObserver,EOSC Observer,,,​legal entity​ admitted to the ​EOSC Association​ with limited rights,An Observer can not vote at the ​General Assembly​ or propose candidates for the ​Board​.,,,
EOSC Opportunity Area Expert Groups,,see cell A3; creation of a domain: EOSC Association?,mechanism for collaboration on technical and related matters within the Horizon Europe Co-programmed Partnership for EOSC.,https://eosc.eu/eosc-opportunity-area-expert-groups,,2026-07-13,,Franciska de Jong,,select,can be rediscussed after first release; note that the role of OA groups may change in the near future,FdJ: added after consensus process,EoscOpportunityAreaExpertGroups,EOSC Opportunity Area Expert Groups,,,,,,,
EOSC Partnership,,see cell A3; creation of a domain: EOSC Association?,co-programmed European Partnership between the EOSC Association and the European Commission that consolidates the outputs of EOSC projects from Horizon2020 and further develops EOSC.,EOSC Glossary September 2020,EOSC Executive Board. (2020). Draft proposal for a European Partnership under Horizon Europe European Open Science Cloud (EOSC) Partnership. https://ec.europa.eu/info/sites/info/files/research_and_innovation/funding/documents/ec_rtd_he- partnership-open-science-cloud-eosc.pdf​.,2020-09-01,Franciska de Jong Joaquin Lopez Lorenz Makula Alberto Iess,,,select,can be rediscussed after first release,minor adjustment from source to align with ISO,EoscPartnership,EOSC Partnership,,European Partnership,co-programmed European Partnership between the ​EOSC Association​ and the European Commission that will consolidate the outputs of EOSC projects from Horizon 2020 and further develop ​EOSC​ through structured funding in Horizon Europe and in-kind contributions from the member countries and ​stakeholders​.,"The EOSC Partnership is funded through structured funding under Horizon Europe and in-kind contributions from member countries and stakeholders. | For details, see the EOSC Federation Handbook",,eoscFut:EoscPartnership,
EOSC research product catalogue,,,"catalogue of digital objects created during the research lifecycle, such as publications, datasets, and software that facilitates discovery and access to research products registered within the EOSC Federation.","OSCARS Glossary TaskForce 2026, based on several sources",,2026-07-13,Franciska de Jong,,,select,,FdJ: added during consensus process;  ,EoscResearchProductCatalogue,EOSC research product catalogue,,EOSC resource catalogue,,,,,
EOSC resource catalogue,,,"catalogue of all EOSC resources, the result of integrating the EOSC service catalogue and the EOSC research product catalogue.",EOSC Federation Handbook; https://zenodo.org/records/18454649,,2026-07-13,Franciska de Jong Joaquin Lopez Lorenz Makula Alberto Iess,IMS,MN,select,can be rediscussed after first release,FdJ: several comments integrated,EoscResourceCatalogue,EOSC resource catalogue,,,,The catalogue is hosted by the EU Node and enables the discovery and access of resources provided through EOSC Nodes within the EOSC ,,,
EOSC resource provider,,,organisation making a resource available by onboarding it to an EOSC Node.,EOSC Federation Handbook; https://zenodo.org/records/18454649,,2026-06-30, Lorenz Makula Joaquin Lopez Alberto Iess,Franciska de Jong,IMS,select,can be rediscussed after first release,"IMS: kind of self-explanatory with definition of Resource; FdJ: I tend to agree, but depends on the entire set of related  terms /definitions",EoscResourceProvider,EOSC resource provider,,,,,,,
EOSC Secretariat,,see cell A3; creation of a domain: EOSC Association?,"body that supports the Board and the General Assembly of the EOSC Association, by advising them and coordinating and implementing their decisions.",https://eosc.eu/eosc-association/secretariat,,2026-07-03,Franciska de Jong Joaquin Lopez Alberto Iess,,MN,select,can be rediscussed after first release,FdJ: several comments integrated,EoscSecretariat,EOSC Secretariat,,,,,,,
EOSC service catalogue,,,"catalogue for EOSC Node service providers to describe their service offerings using
a service metadata profile. ",EOSC Federation Handbook; https://zenodo.org/records/18454649,,2026-07-13,Franciska de Jong Joaquin Lopez Lorenz Makula,,,select,can be rediscussed after first release,FdJ: tobe revisted: catalogue for  vs. catalogue of,EoscServiceCatalogue,EOSC service catalogue,,EOSC resource catalogue,,,,,
EOSC Tripartite Governance,,see cell A3; creation of a domain: EOSC Association?,"strategic coordination structure between the EU, represented by the Commission, the EOSC Association, and the Member States and Associated Countries to resource and support the implementation of the EOSC environment in Europe.",https://eosc.eu/tripartite-collaboration,,2026-07-13,Franciska de Jong FF,,,select,can be rediscussed after first release,,EoscTripartiteGovernance,EOSC Tripartite Governance,,,,The aim is: advancing the Open Science system and aligning national and EU policies to improve the production of FAIR research output. | The Member States and Associated Countries are represented by the EOSC Steering Board.  ,,,
EOSC user ,,,person who is granted access to the EOSC Federation resources based on the recognition of their identity by a service provider registered with the EOSC AAI system ,EOSC Federation Handbook (shortened); https://zenodo.org/records/18454649; ,,2026-06-30,Alberto Iess Franciska de Jong,, Lorenz Makula,select,can be rediscussed after first release,"FdJ: duplicate created; need to decide which one of the two works best; we can also reject the entry in any version . AI: I think we need to have a definition of EOSC user. IvdL:  According to ISO, a definition should start with a noun that names the kind of entity the concept belongs to. The last part of the definion is a bit redundant. Propose to make it more concise [FdJ: suggestion for shortening adopted] ",EoscUser,EOSC user,,,,,,,
EOSC Work Programme,,,strategic planning document which outlines the specific EOSC implementation activities to be funded by the European Commission under Horizon Europe.,EOSCFuture project glossary,https://www.eosc.eu/sites/default/files/EOSC-SRIA-V1.0_15Feb2021.pdf,2021-02-15,Franciska de Jong Joaquin Lopez Alberto Iess,Lorenz Makula,,select,can be rediscussed after first release,FdJ: check needed for a more recent definition ,EoscWorkProgramme,EOSC Work Programme,,,A strategic planning document which outlines the specific EOSC implementation activities to be funded by the European Commission under Horizon Europe.,,,,
EOSC-A Task Forces,,see cell A3; creation of a domain: EOSC Association?,expert groups that liaise with the EOSC-related Horizon Europe projects and the EOSC Opportunity Area Expert Groups to offer input and recommendations on targeted areas of EOSC’s development.,https://eosc.eu/eosc-association/eosc-task-forces,,2026-07-13,MN Franciska de Jong,,,select,can be rediscussed after first release,"FdJ: added during consensus process; IvdL: the term is in plural of form, should be in the singular. FdJ: for this case deviation from the default (singular) can be justified",Eosc-aTaskForces,EOSC-A Task Forces,,,,,,,
ESCAPE,,,collaborative cluster of next generation European infrastructural facilities in the area of astronomy- and accelerator-based particle physics aimed at implementing a functional link with the European Open Science Cloud (EOSC).,https://projectescape.eu/about-us,,2026-06-30,Franciska de Jong Joaquin Lopez Lorenz Makula Alberto Iess,,,select,,,Escape,ESCAPE,,science cluster,,,,,
EU Node,,,"fully operational platform providing access to a portfolio of professional-quality
research services and resources and enabling with Federating Capabilities the development of
the EOSC Federation.",EOSC Federation Handbook; https://zenodo.org/records/18454649,,2026-07-02,Franciska de Jong Lorenz Makula IMS Joaquin Lopez Alberto Iess MN,,,select,,,EuNode,EU Node,,EOSC Node,,,,,
European Open Science Cloud,EOSC,,"European initiative to develop a ‘Web of FAIR Data and Services’ for science in Europe where researchers can publish, find and re-use data, tools and services, enabling them to better conduct their work.",https://eosc.eu/eosc-about,,2026-07-03,Franciska de Jong  Joaquin Lopez Alberto Iess MN,,,select,,minor adjustment from source  to match ISO standard,Eosc,European Open Science Cloud,EOSC,,,,,,
European Partnership,,,initiative in which the EU Commission and private and/or public partners commit themselves to jointly support the development and implementation of a research and innovation program.,https://www.era-learn.eu/partnerships-in-a-nutshell/european-partnerships,,2026-07-23,Franciska de Jong,,,select,,FdJ: added after consensus process to fill semantic gap,EuropeanPartnership,European Partnership,,,,,,,
FAIR data,,,data​ that conform to the ​FAIR principles​.,EOSC Glossary September 2020,,2020-09-01,Franciska de Jong Joaquin Lopez Lorenz Makula IMS Alberto Iess MN,,,select,,,FairData,FAIR data,,data,data​ that conform to the ​FAIR principles​.,,,,
FAIR digital object,,,"autonomous, machine-actionable digital object that packages data together with essential metadata, globally unique PIDs, and operational rules.","OSCARS Glossary TaskForce 2026, based on several sources",EOSC Glossary September 2020,2026-07-13,Franciska de Jong Lorenz Makula IMS Joaquin Lopez Alberto Iess,MN,,select,can be rediscussed after first release,,FairDigitalObject,FAIR digital object,FDO,digital object,digital object​ that conforms to the ​FAIR principles​. [SOURCE: RDA DFT working group. (2019). DFT Vocabulary 4.0 Philadelphia. https://smw-rda.esc.rzg.mpg.de/dft-4.0.html​.,,,,
FAIR principles,,,"set of guidelines to make ​data​ Findable, Accessible, Interoperable, and Reusable.",EOSC Glossary September 2020,COMMISSION DECISION of 27.8.2018 Setting up the Expert Group - Executive Board of the European Open Science Cloud ('EOSC') and laying down rules for its financing,2020-09-01,Franciska de Jong Joaquin Lopez Lorenz Makula IMS Alberto Iess MN,,,select,,"FdJ: definition to be adjusted; check against Handbook?
Definition to be adjusted if needed. IvdL: Propose to replace """"set of guiding lines"" with ""set of principles that...""",FairPrinciples,FAIR principles,FAIR Guiding Principles,FAIR data,"set of guiding lines to make ​data​ Findable, Accessible, Interoperable, and Reusable.",,,,
federation capabilities,,,system of services provided by more than one EOSC Node in order to implement the federation of resources in the EOSC Federation,EOSC Federation Handbook; https://zenodo.org/records/18454649,,2026-06-30,Franciska de Jong Lorenz Makula Joaquin Lopez Alberto Iess,,,select,,FdJ: Version copied from the EOSC Handbook.  Plural variant selected; singular variant deslected.,FederationCapabilities,federation capabilities,,,,,,,
generic repository,,see cell A2,repository​ directed to all research disciplines. ,EOSC Glossary September 2020,"Wittenburg, P. (2019). Role of Repositories in Research Infrastructure Building [Repository Topic Group Report",2020-09-01,,Franciska de Jong Joaquin Lopez Lorenz Makula,,select,can be rediscussed after first release,"IvdL: ""generic repository'' might be too broad,  could be more specific ''generic research data repository'' if we use it only within research contexts.",GenericRepository,generic repository,,research data repository,repository​ directed to all research disciplines. .],,,,
High Perfomance Computing ,HPC,,"computing designed, marketed, sold, and optimized to execute highly parallel applications for high performance, deep learning, or artificial intelligence applications",ISO: https://www.iso.org/obp/ui/#iso:std:iso-iec:21836:ed-1:v1:en:term:3.1.24,,2026-07-03,Franciska de Jong  Joaquin Lopez Alberto Iess MN,,,select,can be rediscussed after first release,,Hpc,HPC,,,,,,,
horizontal service,,see cell A2,"cross-disciplinary infrastructure resource that is designed to support researchers across all scientific domains,.","Glossary TaskForce 2026, based on several sources",,2026-07-13,Franciska de Jong,Alberto IessMN ,,select,can be rediscussed after first release,,HorizontalServices,horizontal service,,resource,,The terms 'common service' and 'generic service' are in use as synonym for 'horizontal service'.  The complement is 'thematic service'.,"Horizontal services include virtual machines, cloud containers, bulk data transfer, file synchronization and sharing, notebooks, and large file transfer.",,
instrument,,,"device, tool or apparatus used to obtain, measure and/or analyse data",https://datacite-metadata-schema.readthedocs.io/en/4.7/appendices/appendix-1/resourceTypeGeneral/#instrument,,2026-07-13,MN Franciska de Jong,,,select,,,instrument,instrument,,,,,,,
knowledge graph,KG,,"structured representation of knowledge as a network of entities and their relationships, typically as (subject–predicate–object) triples;                      

","OSCARS Glossary TaskForce 2026, based on several sources, among which ISO: https://www.iso.org/obp/ui/#iso:std:iso-iec:5392:ed-1:v1:en:term:3.14",,2026-07-22,Franciska de Jong,,,select,,"FdJ:  to be checked if this wikidata definition should be followed more closely: https://www.wikidata.org/wiki/Q33002955.     Other details from Daan's input: A knowledge graph can be represented as a collection of triples, with each triple (head, tail, relation) denoting the fact that relation exists between head entity and tail entity. | Definition inspired by ""Ehrlinger & Wöß (2016) and Ji et al. (2020) Ji, S., Pan, S., Cambria, E., Marttinen, P., & Yu, P.S. (2020). A Survey on Knowledge Graphs: Representation, Acquisition and Applications. arXiv:2002.00388.
Ehrlinger, L. & Wöß, W. (2016). Towards a Definition of Knowledge Graphs. CEUR-WS Vol. 1695. https://ceur-ws.org/Vol-1695/paper4.pdf",KnowledgeGraph,knowledge graph,KG,,,"KGs support search and discovery, inference, and integration across heterogeneous sources.| A KG can comprise an ontology and data related to the ontology. |  Examples of narrower terms are Scholarly Knowledge Graph and Scientific Knowledge Graph (both commonly abbreviated as SKG).
",,,
Life Science Research Infrastructures,LS-RI,,"a cluster of European research infrastructures and related organisations that support research and innovation in life sciences by providing access to data, services, tools, facilities and expertise","OSCARS Glossary TaskForce 2026, based on several sources, among which https://lifescience-ri.eu/ 
",,2026-07-12,Franciska de Jong Joaquin Lopez Lorenz Makula Alberto Iess MN,,,select,,,LifeScienceResearchInfrastructure,Life Science Research Infrastructures,LSRI,science cluster,,,,,
metadata,,,data about data that defines and describes the characteristics of other data. ,CODATA RDM Terminology: https://vocabs.ardc.edu.au/repository/api/lda/codata/codata-research-data-management-terminology/current/resource?uri=https://terms.codata.org/rdmt/metadata,,2020-09-01,Franciska de Jong Joaquin Lopez Lorenz Makula IMS Alberto Iess MN,,,select,,,Metadata,metadata,,data,data​ defining and describing other data.,"Metadata can be categorised as ​descriptive​, ​structural​, ​preservation​ and administrative metadata​.",,,
national EOSC Node,,,country-specific platforms and infrastructures that connect the local national research communities to the EOSC ecosystem.,"OSCARS Glossary TaskForce 2026, based on several sources",,2026-07-13,Lorenz Makula Franciska de Jong Joaquin Lopez Alberto Iess MN,,,select,,,NationalEoscNode,national EOSC Node,,EOSC Node,,,,,
open access,,,access model that enables the re-use of digital research outputs with as few restrictions as possible.,"OSCARS Glossary TaskForce 2026, based on several sources",,2020-09-01,Franciska de Jong Joaquin Lopez Lorenz Makula Alberto Iess MN,,,select,,,OpenAccess,open access,,access,,Open access is the opposite of closed access. ,,,
open data,,,"data​ in an open format that can be freely used, re-used and shared by anyone for any purpose.  ",EOSC Glossary September 2020,,2020-09-01,Franciska de Jong Joaquin Lopez alen.vodopijevec@cessda.eu IMS Alberto Iess MN,,,select,,FdJ: primary source removed from  definition; implied by reference to EOSC Glossary September 2020,OpenData,open data,,data,"data​ in an open format that can be freely used, re-used and shared by anyone for any purpose. [SOURCE: DIRECTIVE (EU) 2019/1024 OF THE EUROPEAN PARLIAMENT AND OF THE COUNCIL of 20 June 2019 on open data and the re-use of public sector information (recast).",,,,
open science,OS,,"the practice of making science more accessible, inclusive and equitable for all",EOSC Federation Handbook; https://zenodo.org/records/18454649,https://www.unesco.org/en/open-science,2020-09-01,Franciska de Jong Joaquin Lopez Lorenz Makula IMS Alberto Iess MN,,,select,,"FdJ: definition adjusted to Handbook version, incl. reference to UNESCO source",OpenScience,open science,OS,,,,,,
PaNOSC,,,"science cluster representing infrastructured for photon and neutron research, developing and providing services for its scientific community and connecting these to EOSC",https://www.panosc.eu/,,2016-06-30,Franciska de Jong Joaquin Lopez Lorenz Makula Alberto Iess MN,,,select,,,Panosc,PaNOSC,,science cluster,,,,,
persistent Identifier,PID,,"long-lasting reference to a digital object, essential for findability.","OSCARS Glossary TaskForce 2026, based on several sources",,2026-06-30,Lorenz Makula MN Franciska de Jong,,IMS  Joaquin Lopez,select,can be rediscussed after first release,"MN: only actually useful when digital object is defined; FdJ: I agree with MN, but note that digital object *will be included*. IvdL: if you need another source, ISO 690:2021 in Information and Documentation defines it as ""unique identifier that is intended to remain valid for a long time."". The broarder concept in this case is ""identifier"", which makes more sense than ""digital object"". https://www.iso.org/obp/ui/#iso:std:iso:690:ed-4:v1:en:term:3.32",Persistentdentifier,persistent identifier,PID,,,,,,
personal data,,,any information related to an identified or identifiable natural person ('data subject').,EOSCFuture project glossary,https://gdpr-info.eu/art-4-gdpr/,2016-04-27,Franciska de Jong Joaquin Lopez Lorenz Makula MN,,,select,,,PersonalData,personal data,,data,"Any information related to an identified or identifiable natural person ('data subject'); an identifiable natural person is one who can be identified, directly or indirectly, in particular by reference to an identifier such as a name, an identification number, location data, an online identifier or to one or more factors specific to the physical, physiological, genetic, mental, economic, cultural or social identity of that natural person.","An identifiable natural person is one who can be identified, directly or indirectly, in particular by reference to an identifier such as a name, an identification number, location data, an online identifier or to one or more factors specific to the physical, physiological, genetic, mental, economic, cultural or social identity of that natural person.",,,
preservation metadata,,,metadata​ for supporting the long-term management and future migration or emulation of resources​.,EOSC Glossary September 2020,"Riley, J., & National Information Standards Organization (U.S.). (2017). Understanding metadata: What is metadata, and what is it for? http://www.niso.org/publications/understanding-metadata-riley​, modified –– reference to resources instead of digital files; preservation metadata are not considered just administrative metadata, rather they span all metadata categories (see PREMIS Editorial Committee. (2015). PREMIS Data Dictionary for Preservation Metadata​ (version 3.0).).",2020-09-01,Franciska de Jong Joaquin Lopez Lorenz Makula MN,,,select,,,PreservationMetadata,preservation metadata,,metadata,metadata​ for supporting the long-term management and future migration or emulation of resources​.,,"Checksum, hash, structural metadata.",,
provenance metadata,,,"administrative metadata​ describing the lifecycle of a ​resource​ to a point, including the related entities and processes.",EOSC Glossary September 2020,ISO/TR 14873:2013,2020-09-01,Franciska de Jong Joaquin Lopez Lorenz Makula MN,,,select,,,ProvenanceMetadata,provenance metadata,context metadata,administrative metadata,"administrative metadata​ describing the lifecycle of a ​resource​ to a point, including the related entities and processes.",,Configuration and log files.,,
raw data,,,"data​ in its originally acquired, direct form from its source before subsequent processing.",EOSC Glossary September 2020,ISO 5127:2017.,2020-09-01,Franciska de Jong Joaquin Lopez Lorenz Makula IMS MN,,,select,,,RawData,raw data,,data,"data​ in its originally acquired, direct form from its source before subsequent processing.",,,,
repository,,,"online archive for the storage of digital objects including research outputs, manuscripts, analysis code and/or data.",https://forrt.org/glossary/english/repository/,,2026-07-23,Franciska de Jong Joaquin Lopez Lorenz Makula IMS MN,,,select,,adjusted to comments /suggstions by MN and IvdL,Repository,repository,,service,"service​ for managing and curating ​data​, enabling their long-term preservation and reuse.","Repository data may a include wide range of data type, including publications.",,,
research community,,,community of researchers working in a specific domain or with specific interests.,EOSCFuture project glossary,https://wiki.eoscfuture.eu/display/PUBLIC/EOSC+Future+Glossary,2021-06-01,Franciska de Jong Joaquin Lopez Lorenz Makula IMS MN,,,select,,,ResearchCommunity,research community,,,A community of researchers working in a specific domain or with specific interests.,,,,
research data,,,data and associated metadata created or collected as a part of scientific research or of relevance to scientific research.,EOSC Federation Handbook; https://zenodo.org/records/18454649,,2026-07-23,Franciska de Jong,,Lorenz Makula Joaquin Lopez MN,select,selection and definition  can be rediscussed after first release; now in the set of entries to complement 'research data repository' ,"FdJ: new definition entered after consensus proces 
",ResearchData,research data,,data,,"In the ​EOSC ecosystem​ research data can be digital, analogue or heterogeneous in nature.",,,
research data repository,,see cell A2,"service supporting the storage, management, preservation, discovery, and access of research datasets and associated metadata to enable research data sharing and reuse. ","OSCARS Glossary TaskForce 2026, based on several sources",,2026-07-13,Franciska de Jong,,Lorenz Makula Joaquin Lopez MN,select,can be rediscussed after first release,"FdJ: new definition entered after consensus proces to better comply with ISO standard
",ResearchDataRepository,research data repository,,repository ,,"Research data repositories can be generic, institutional, thematic or domain-specific.",,,
research infrastructure,RI,,infrastructure enabling the research communities to conduct research and foster innovation in their fields.,EOSC Glossary September 2020,"Horizon 2020 Work Programme 2018-2020 4. European research infrastructures (including e-Infrastructures), modified — facilities, resources and services are generalised in the infrastructure concept.",2020-09-01,Franciska de Jong Joaquin Lopez Lorenz Makula Alberto Iess MN,,,select,can be rediscussed after first release,"FdJ: check against Federation Handbook needed; definition can be improved
",ResearchInfrastructure,research infrastructure,RI,,infrastructure enabling the research communities to conduct research and foster innovation in their fields.,,,,
research product,,,"results of scientific work, including  publications,  research
data and research software","OSCARS Glossary TaskForce 2026, based on several sources",,2026-07-13,Franciska de Jong,,,select,can be rediscussed after first release,"FdJ: new definition entered after consensus proces 
",ResearchProduct,research product,,,,,,,
resource,,,"digital or physical asset—including services, data, and people—needed to support open science and research","OSCARS Glossary TaskForce 2026, based on several sources",,revised on 2026-09-01,Franciska de Jong Lorenz Makula Joaquin Lopez Alberto Iess MN,,,select,,,Resource,resource,,research product,,"In the context of EOSC, resources are understood to be both digital or analogue. They are produced or operated by or of potential use to researchers. Services include data sources, computational resources and data storage resources.",,,
rights metadata,,,administrative metadata​ defining the ownership and the legally permitted usage of a ​resource​.,EOSC Glossary September 2020,"ISO/TR 14873:2013, modified –– reference to resource instead of object.",2020-09-01,Franciska de Jong Joaquin Lopez Lorenz Makula Alberto Iess MN,,,select,,,RightsMetadata,rights metadata,,administrative metadata,administrative metadata​ defining the ownership and the legally permitted usage of a ​resource​.,,,,
science cluster,,,"a collaborative framework that brings together research infrastructures from a specific scientific domain to align their capabilities, develop common solutions, and contribute domain-specific resources and services to EOSC","OSCARS Glossary TaskForce 2026, based on several sources",,2026-07-22,Franciska de Jong,,,select,,,ScienceCluster,science cluster,,,,The five science clusters collaborate under the networlkorganisation known as 'science clusters'.,"ENVRI, ESCAPE, PaNOSC, LS-RI, SSHOC",,
science clusters,,,network grown out of five collaborative projects funded by the European Union in 2019 to link ESFRI and other world-class Research Infrastructures (RIs) to EOSC,https://science-clusters.eu/,https://zenodo.org/records/17224742,2016-06-30,Franciska de Jong Joaquin Lopez Lorenz Makula Alberto Iess MN,,,select,definition could be improved,,ScienceClustes,science clusters,,,,,,,
service,,,a means of delivering value to customers by facilitating outcomes customers want to achieve without the ownership of specific costs and risks.,EOSCFuture project glossary,https://wiki.en.it-processmaps.com/index.php/ITIL_Glossary/_ITIL_Terms_S,2007-05-30, alen.vodopijevec@cessda.eu Joaquin Lopez MN,Franciska de Jong,Lorenz Makula,select,can be rediscussed after first release,FdJ; definition stronger than for duplicate; but could still be more convincing,Service,service,,,A means of delivering value to customers by facilitating outcomes customers want to achieve without the ownership of specific costs and risks.,,,eoscG2020:Service,
SSH Open Cluster,SSHOC,,"network of Research Infrastructures aiming at realising the Social
Sciences and Humanities part of EOSC.",https://sshoc.eu/news/sshoc-ssh-open-cluster,,2016-06-30,Franciska de Jong Joaquin Lopez Lorenz Makula Alberto Iess MN,,,select,definition could be improved,"IvdL: To align with the Science Clusters, propose to define as: """"a science cluster that brings together European research infrastructures and related organisations in the SSH domain to coordinate activities, develop interoperable services, and enhance access to data, tools and resources for SSH research communities"". It could also be more concise. The broader term would be """"science cluster""",Sshoc,SSH Open Cluster,SSHOC,science cluster,,,,,
Strategic Research and Innovation Agenda,SRIA,see cell A3; creation of a domain: EOSC Association?,"general framework for future research, development and innovation activities in relation to the European Open Science Cloud",https://eosc.eu/eosc-about/sria-mar,https://www.eosc.eu/sites/default/files/EOSC-SRIA-V1.0_15Feb2021.pdf,2026-07-03,Franciska de Jong Joaquin Lopez Lorenz Makula Alberto Iess,,MN,select,,,StrategicResearchAndInnovationAgenda,Strategic Research and Innovation Agenda,SRIA,,"A document that outlines the strategic objectives, key performance indicators and high-level work plan for the EOSC Association, as required by the Horizon Europe grant agreement.",,,,
structural metadata,,,metadata​ that describes the internal structure of ​resources​ and the relationships between their parts.,EOSC Glossary September 2020,PREMIS Editorial Committee. (2015). PREMIS Data Dictionary for Preservation Metadata (version 3.0).,2020-09-01,Franciska de Jong Joaquin Lopez Lorenz Makula Alberto Iess MN,,,select,,,StructuralMetadata,structural metadata,,metadata,metadata​ that describes the internal structure of ​resources​ and the relationships between their parts.,,,,
technical metadata,,,administrative metadata​ describing the technical characteristics of a ​resource​.,EOSC Glossary September 2020,"ISO/TR 14873:2013, modified –– reference to resource instead of digital object.",2020-09-01,Franciska de Jong Joaquin Lopez Lorenz Makula Alberto Iess MN,,,select,,,TechnicalMetadata,technical metadata,,administrative metadata,administrative metadata​ describing the technical characteristics of a ​resource​.,,"Format, size.",,
Technology Readiness Level,TRL,better source than wikipedia?,"scale-based method, with scales ranging from 1 (lowest) to 9 (highest), used to estimate the maturity of a technology at a given point during a programme's acquisition or development phase",https://en.wikipedia.org/wiki/Technology_readiness_level ,,2026-07-06,Franciska de Jong Alberto Iess MN,,,select,,"FdJ: alterntive sources for an authoritative short definition are welcome. AI: this is needed because it is directly linked to services provided by clusters and funded projects. IvdL: A better source for the definition is https://www.euacc.ai/guides/trl-levels-guide: ""a standard framework developed by NASA.. and adopted by the European Commission to assess how close a technology is to commercial development"". in the Notes, the 9 scales could be listed for quick reference.",Trl,Technology Readiness Level,TRL,,,,,,
thematic EOSC Node,,,EOSC Node representing communities working in a specific scientific domain of research or with specific scientific techniques. ,EOSC Federation Handbook; https://zenodo.org/records/18454649,,2026-06-30,Franciska de Jong Joaquin Lopez Lorenz Makula Alberto Iess MN,,,select,,,ThematicEoscNode,thematic EOSC Node,,EOSC Node,,,,,
thematic infrastructure,,see cell A2,"research infrastructure that provides facilities, resources, and services tailored to the needs of a specific scientific domain, research community or thematic area.","OSCARS Glossary TaskForce 2026, based on several sources",EOSC Glossary September 2020,2020-09-01,Franciska de Jong Joaquin Lopez Lorenz Makula IMS Alberto Iess ,,MN,select,can be rediscussed after first release,JLL: LifeWatch is a thematic infrastructure. Verify definition against current usage.,ThematicInfrastructure,thematic infrastructure,,research infrastructure,infrastructure​ enabling domain-specific ​services​.,,,,
thematic service,,see cell A2,service that provides discipline or domain-specific capabilities for a particular scientific community.,"OSCARS Glossary TaskForce 2026, based on several sources",,2024-03-29,Franciska de Jong Joaquin Lopez Lorenz Makula IMS Alberto Iess MN,,,select,can be rediscussed after first release,,ThematicService,thematic service,,resource,,The complement of 'thematic service' is 'generic service'.,"browsing and downloading data and apps, workflow development and execution, online analytics, result visualisation, sharing of result data",,
training resource,,,"any resource – including print and non-print materials and online/open-access resources – that supports and enhances, directly or indirectly, learning and teaching. ",EOSCFuture project glossary,,2024-03-29,Franciska de Jong Joaquin Lopez Lorenz Makula MN,,,select,,,TrainingResource,training resource,,resource,"Any resource – including print and non-print materials and online/open-access resources – which supports and enhances, directly or indirectly, learning and teaching. If a training resource is used in a training environment, for training activities that are part of a training plan and involve instructors, facilitators and students, then we speak of training materials.","If a training resource is used in a training environment, for training activities that are part of a training plan and involve instructors, facilitators and students, then we speak of training materials.",,,
TRUST principles,,,"set of guidelines to make ​digital repositories​ suitable for data and FAIR digital objects management​ and long-term preservation based on Transparency, Responsibility, User community, Sustainability and Technology (TRUST).",EOSC Glossary September 2020,"Lin, D., Crabtree, J., Dillo, I., Downs, R. R., Edmunds, R., Giaretta, D., Giusti, M. D., L’Hours, H., Hugo, W., Jenkyns, R., Khodiyar, V., Martone, M., Mokrane, M., Navale, V., Petters, J., Sierman, B., Sokolova, D. V., & Stockhause, M. (2019). The TRUST Principles for Digital Repositories — A White Paper (Version 0.03 (draft)). https://docs.google.com/document/d/1pbRw1uf-W-BRMxjj8ZNZJHQTI-ggLjRWq8jiu4Oy6Yc/edit .",2020-09-01,Joaquin Lopez Lorenz Makula IMS Alberto Iess MN,Franciska de Jong,,select,term with low frequency; to be rediscussed after first release?,"JLL: TRUST principles complement FAIR for trustworthy repositories. Propose SELECT, but more recent definition would be welcome",TrustPrinciples,TRUST principles,,trusted digital repository,"set of guidelines to make ​digital repositories​ suitable for data and FAIR digital objects management​ and long-term preservation based on transparency, responsibility, user community, sustainability and technology.",,,,
trusted digital repository,TDR,,repository​ certfied according to ISO standard16363 or the CoreTrustSeal Trustworthy Data Repositories requirements.,EOSC Glossary September 2020; ,EOSC Glossary September 2020,2020-09-01,Franciska de Jong Joaquin Lopez Lorenz Makula Alberto Iess MN,,,select,,"FdJ: overlaps with certified X; minor adjustment  to comply with the ISO standard;   IvdL: I am wondering whether the TRUST principles require certification. If I understand them correctly, the certification provides additional evidence that they can be trusted. I would say that an institutional digital repository can be trusted if it followed the TRUST principles, even though it may not have applied for the certification.",TrustedDigitalRepository,trusted digital repository,trustworthy digital repository | TDR,certified repository,certified repository​ according to the standard ISO 16363 or the CoreTrustSeal Trustworthy Data Repositories requirements.,,,,
virtual research environment ,VRE,,environment that allows a researcher to provide/select data and execute a workflow (in a workflow engine).,OSCARS D2.2  - Service Composability Report,,2026-07-12,Franciska de Jong MN,,,select,,FdJ: entry added based on D2.2; Zenodo link still to be added (once available),VirtualResearchEnvironment ,virtual research environment ,VRE,,,,,,
workflow,,,well-defined series of tasks,"OSCARS D2.1 - Clusters' Services and Data Sources Portfolios, p.19; https://zenodo.org/records/14881627",,2026-07-03,Franciska de Jong MN FF,,,select,can be rediscussed after first release,"IvdL: Not sure about the definition. What about "" a series of activities necessary to complete a task""? The definition of ''scientific workflow"" offered by NIST would be more suitable in our context: https://www.nist.gov/programs-projects/scientific-workflow: "" encapsulation of all processes and accompanying relevant data necessary to reproduce and validate an experiment"". In the context of other EOSC projects, we also use """"research workflow"", which according to FORRT is ""the process of conducting research from conceptualisation to dissemination"": https://forrt.org/glossary/english/research_workflow/",Workflow,workflow,,,,,,,
"As of 2026-07-31, the terms below had status 'reject' in column K;  editorial comments may be less detailed and overall quality of information not validated",,,,,,,,,,,,Comments below  mainly used to justify 'reject' in column K ,,,,,,,,,
actor,,,individual or group that fulfils one or more roles in the ​EOSC​.,EOSC Glossary September 2020,,2020-09-01,,,Franciska de Jong Joaquin Lopez Lorenz Makula Alberto Iess,reject,,Too generic; not specific to EOSC/OSCARS.,Actor,actor,,component,individual or group that fulfils one or more roles in the ​EOSC​.,,A research organisation participating in the EOSC initiative as a service provider and as an end-user.,,
Application Programming Interface,API,,Application Programming Interface,EOSCFuture project glossary,,2024-03-29,,,Franciska de Jong Joaquin Lopez Lorenz Makula Alberto Iess,reject,,"FdJ: not specific for EOSC/OSCARS
Too generic; not specific to EOSC/OSCARS.",Api,Application Programming Interface,,,Application Programming Interface,,,,
architecture,,,"fundamental concepts or properties of a ​system in its environment embodied in its ​components​, relationships, and in the principles of its design and evolution.",EOSC Glossary September 2020,"ISO/IEC/IEEE 42010:2011, modified –– reference to components instead of elements.",2020-09-01,,,Franciska de Jong Joaquin Lopez Lorenz Makula Alberto Iess,reject,,"FdJ: not specific for EOSC/OSCARS

LL: Relevant for LifeWatch ERIC and other RI
Too generic; not specific to EOSC/OSCARS.",Architecture,architecture,,system,"fundamental concepts or properties of a ​system in its environment embodied in its ​components​, relationships, and in the principles of its design and evolution.",,,,
Authentication and Authorisation for Research and Collaboration,AARC,,A series of EC-funded projects which use AAI to bring researcher collaborations closer together.,EOSCFuture project glossary,,2024-03-29,,,Franciska de Jong Lorenz Makula Joaquin Lopez Alberto Iess,reject,,"FdJ: not specific for EOSC/OSCARS
JLL: Directly relevant to LifeWatch and EOSC research infrastructures. Propose SELECT.",AuthenticationAndAuthorisationForResearchAndCollaboration,Authentication and Authorisation for Research and Collaboration,,,A series of EC-funded projects which use AAI to bring researcher collaborations closer together.,,,,
best practice,,,"technique or methodology that, through experience and research, has proven to reliably lead to a desired result.",EOSC Glossary September 2020,CASRAI Research Data Management Glossary. ​https://casrai.org/rdm-glossary/​.,2020-09-01,MN,,Franciska de Jong Joaquin Lopez Lorenz Makula Alberto Iess,reject,can be rediscussed after first release,"FdJ: not specific for EOSC/OSCARS
Too generic; not specific to EOSC/OSCARS.",BestPractice,best practice,,,"technique or methodology that, through experience and research, has proven to reliably lead to a desired result.",,,,
big data,,,"extensive ​datasets​ –– primarily in the characteristics of volume, velocity, variety, and/or variability –– that require a scalable ​architecture​ for efficient storage, manipulation, and analysis.",EOSC Glossary September 2020,"NIST Big Data Public Working Group Definitions and Taxonomies Subgroup. (2015). NIST Big Data Interoperability Framework: Volume 1, Definitions (NIST SP 1500-1). National Institute of Standards and Technology. ​https://doi.org/10.6028/NIST.SP.1500-1​.",2020-09-01,MN,,Franciska de Jong Joaquin Lopez Lorenz Makula,reject,can be rediscussed after first release,"FdJ: not specific for EOSC/OSCARS
Too generic; not specific to EOSC/OSCARS.",BigData,big data,,dataset,"extensive ​datasets​ –– primarily in the characteristics of volume, velocity, variety, and/or variability –– that require a scalable ​architecture​ for efficient storage, manipulation, and analysis.",,,,
Board,,,"body of the ​governance structure​ in charge of achieving the purpose and directing the activities by implementing the decisions, instructions and recommendations adopted by the ​General Assembly​.",EOSC Glossary September 2020,"EOSC AISBL Statutes, (2020), FINAL. https://www.eoscsecretariat.eu/sites/default/files/eosc_statutes.pdf​, modified –– reference to body of the governance structure.",2020-09-01,,,Franciska de Jong Joaquin Lopez Lorenz Makula Alberto IessMN,reject,,Too generic without EOSC qualifier.,Board,Board,,governance structure,"body of the ​governance structure​ in charge of achieving the purpose and directing the activities by implementing the decisions, instructions and recommendations adopted by the ​General Assembly​.","The Board is composed of a minimum of seven Directors, which are elected from the ​General Assembly​ amongst its Delegates, including the President, the Vice-President and the Treasurer. When there are fewer than seven ​Members​ the number of Directors is equal to the number of Members.",,,
Catalogue Operator Representative,COR,,An individual responsible for recording information about a Community Catalogue and onboarding and maintaining that catalogue into the EOSC Exchange.,EOSCFuture project glossary,,2024-03-29,,,Franciska de Jong Joaquin Lopez Lorenz Makula Alberto Iess,reject,,FdJ: too specific,CatalogueOperatorRepresentative,Catalogue Operator Representative,,,An individual responsible for recording information about a Community Catalogue and onboarding and maintaining that catalogue into the EOSC Exchange.,,,,
certified repository,,,repository​ that has gone through and passed a certification process.,EOSC Glossary September 2020,RDA DFT working group. (2019). DFT Vocabulary 4.0 Philadelphia. https://smw-rda.esc.rzg.mpg.de/dft-4.0.html​.,2020-09-01,Joaquin Lopez Lorenz Makula Alberto Iess,,Franciska de Jong,reject,can be rediscussed after first release,FdJ:duplicate with better definition included; to be discussed after first release,CertifiedRepository,certified repository,,repository,repository​ that has gone through and passed a certification process.,,,,
cloud computing model,,,"model for enabling ubiquitous, convenient, on-demand network access to a shared pool of configurable computing resources (e.g., networks, servers, storage, applications, and services) that can be rapidly provisioned and released with minimal management effort or service provider interaction. This cloud model is composed of five essential characteristics (On-demand self-service, Broad network access, Resource pooling, Rapid elasticity, Measured service), three service models (Software as a Service, Platform as a Service, Infrastructure as a Service), and four deployment models (Private cloud, Community cloud, Public cloud, Hybrid cloud).",EOSC Glossary September 2020,"Mell, P., & Grance, T. (2011). ​The NIST Definition of Cloud Computing. Recommendations of the National Institute of Standards and Technology (Special Publication 800-145; Reports on Computer Systems Technology). National Institute of Standards and Technology, Information Technology Laboratory. https://nvlpubs.nist.gov/nistpubs/Legacy/SP/nistspecialpublication800-145.pdf​.",2020-09-01,,,Franciska de Jong Joaquin Lopez Lorenz Makula Alberto Iess,reject,,Not specific to EOSC/OSCARS.,CloudComputingModel,cloud computing model,,paradigm,"model for enabling ubiquitous, convenient, on-demand network access to a shared pool of configurable computing resources (e.g., networks, servers, storage, applications, and services) that can be rapidly provisioned and released with minimal management effort or service provider interaction. This cloud model is composed of five essential characteristics (On-demand self-service, Broad network access, Resource pooling, Rapid elasticity, Measured service), three service models (Software as a Service, Platform as a Service, Infrastructure as a Service), and four deployment models (Private cloud, Community cloud, Public cloud, Hybrid cloud).",,,,
cloud infrastructure,,,ICT infrastructure​ enabling the ​cloud computing model​.,EOSC Glossary September 2020,,2020-09-01,,,Franciska de Jong Lorenz Makula Joaquin Lopez Alberto Iess,reject,,"FdJ: not specific for EOSC/OSCARS
Not specific to EOSC/OSCARS.",CloudInfrastructure,cloud infrastructure,,information and communication technology infrastructure,ICT infrastructure​ enabling the ​cloud computing model​.,,,,
Community Catalogue,,,A Community catalogue complying with EOSC-Exchange community resource catalogue inclusion criteria and including several resources. It is an external catalogue that can be onboarded into the EOSC Exchange by a Catalogue Operator Representative on behalf of the Community Catalogue Operator.,EOSCFuture project glossary,,2024-03-29,,,Franciska de Jong Joaquin Lopez Lorenz Makula Alberto Iess,reject,,"FdJ; too much dependencies on other terms
Too many dependencies on other terms.",CommunityCatalogue,Community Catalogue,,,A Community catalogue complying with EOSC-Exchange community resource catalogue inclusion criteria and including several resources. It is an external catalogue that can be onboarded into the EOSC Exchange by a Catalogue Operator Representative on behalf of the Community Catalogue Operator.,,,,
Community Catalogue Operator,,,An organisation operating an EOSC-compliant community catalogue and responsible for the onboarding and validating selected resources from that community catalogue into the EOSC Exchange.,EOSCFuture project glossary,,2024-03-29,,,Franciska de Jong Joaquin Lopez Lorenz Makula Alberto Iess,reject,,"FdJ; too much dependencies on other terms
Too many dependencies on other terms.",CommunityCatalogueOperator,Community Catalogue Operator,,,An organisation operating an EOSC-compliant community catalogue and responsible for the onboarding and validating selected resources from that community catalogue into the EOSC Exchange.,,,,
Community Platform,,,"A Community Platform is a platform operated by a community to serve its users. It can be made of multiple services (support services such as AAI, Helpdesk, etc and services for the research) and should contain at least an inventory (e.g. in form of a catalogue) of its assets (services, datasets and other research resources).",EOSCFuture project glossary,,2024-03-29,,,Franciska de Jong Joaquin Lopez Lorenz Makula Alberto Iess,reject,,"FdJ: not specific for EOSC/OSCARS
Not specific to EOSC/OSCARS.",CommunityPlatform,Community Platform,,,"A Community Platform is a platform operated by a community to serve its users. It can be made of multiple services (support services such as AAI, Helpdesk, etc and services for the research) and should contain at least an inventory (e.g. in form of a catalogue) of its assets (services, datasets and other research resources).",,,,
component,,,"discrete ​actor​, ​service​, ​policy​, ​data or ​infrastructure that can be considered an asset or a constituent part of the ​EOSC",EOSC Glossary September 2020,,2020-09-01,,,Franciska de Jong Lorenz Makula Joaquin Lopez Alberto Iess,reject,FdJ: recent definition welcome,"FdJ: term too generic, and the EOSC-specific apsect is covered by 'composability'",ComponentEosc,component,,European Open Science Cloud,"discrete ​actor​, ​service​, ​policy​, ​data or ​infrastructure that can be considered an asset or a constituent part of the ​EOSC",,,,
computing infrastructure,,,ICT infrastructure​ enabling computational services.,EOSC Glossary September 2020,,2020-09-01,,,Franciska de Jong Joaquin Lopez Lorenz Makula Alberto Iess,reject,,"FdJ: not specific for EOSC/OSCARS
Not specific to EOSC/OSCARS.",ComputingInfrastructure,computing infrastructure,,information and communication technology infrastructure,ICT infrastructure​ enabling computational services.,,,,
data analysis,,,data life-cycle​ stage that involves the techniques used to satisfy analyst goals of producing informative ​knowledge​ from organized ​data​.,EOSC Glossary September 2020,ISO 5127:2017.,2020-09-01,,,Franciska de Jong Lorenz Makula Joaquin Lopez Alberto Iess MN,reject,can be rediscussed after first release,"MN: having data analysis in the glossary would be good, but I dislike the definition",DataAnalysis,data analysis,,data,data life-cycle​ stage that involves the techniques used to satisfy analyst goals of producing informative ​knowledge​ from organized ​data​.,,,,
Data Source,,,A service that links to collections of research products (see Research Product) as well as services that provide data in response to queries.,EOSCFuture project glossary,,2024-03-29,MN,,Franciska de Jong Lorenz Makula Joaquin Lopez Alberto Iess,reject,can be rediscussed after first release,,DataSource,Data Source,,,A service that links to collections of research products (see Research Product) as well as services that provide data in response to queries.,,,,
dataset,,,logically meaningful group of ​data​.,EOSC Glossary September 2020,ISO/TS 18101-1:2019.,2020-09-01,MN,,Franciska de Jong Lorenz Makula Joaquin Lopez,reject,,FdJ: without definition the meaning of the compund  can be derived from the composing terms; the concept is also not specific for OSCARS/EOSC,Dataset,dataset,,data,logically meaningful group of ​data​.,,,,
digital platform,,,software-based ​external platform​.,EOSC Glossary September 2020,"Ghazawneh, A., & Henfridsson, O. (2015). A paradigmatic analysis of digital application marketplaces.​ https://doi.org/10.1057/jit.2015.16​.",2020-09-01,,,Franciska de Jong Joaquin Lopez Lorenz Makula IMS,reject,,"FdJ: not specific for EOSC/OSCARS
Not specific to EOSC/OSCARS.",DigitalPlatform,digital platform,,external platform,software-based ​external platform​.,A software-based external platform consists of the extensible codebase of a software-based system that provides core functionality shared by the modules that interoperate with it and the interfaces through which they interoperate.,,,
disciplinary repository,,see cell A3,domain repository​ aimed at a specific discipline; see also: https://zenodo.org/records/17224742,EOSC Glossary September 2020,,2026-07-13,,Franciska de Jong Joaquin Lopez Lorenz Makula MN,,reject,can be rediscussed after first release,"JLL:  Relevant for thematic infrastructures such as LifeWatch — DISCUSS.
MN: What is the difference to domain repository? Defining domain/discipline would be really helpful, otherwise the definitions of the repositories is almost useless",DisciplinaryRepository,disciplinary repository,,domain repository; thematic services,domain repository​ aimed at a specific discipline; see also: https://zenodo.org/records/17224742,,,,
dynamic data,,,"data subject to frequent or real-time updates, in particular because of their volatility or rapid obsolescence.",EOSC Glossary September 2020,"DIRECTIVE (EU) 2019/1024 OF THE EUROPEAN PARLIAMENT AND OF THE COUNCIL of 20 June 2019 on open data and the re-use of public sector information (recast), modified –– reference to data instead of documents in a digital form; ​following the comments the concept has been added.",2020-09-01,,,Franciska de Jong Joaquin Lopez Lorenz Makula,reject,,,DynamicData,dynamic data,,data,"data subject to frequent or real-time updates, in particular because of their volatility or rapid obsolescence.",,Data generated by sensors are typically considered to be dynamic data.,,
ecosystem,,,"set of ​actors with varying degrees of multi-lateral, non-generic complementarities that are not fully hierarchically controlled",EOSC Glossary September 2020,"Jacobides, M. G., Cennamo, C., & Gawer, A. (2018). Towards a theory of ecosystems. Strategic Management Journal, 39(8), 2255–2276. https://doi.org/10.1002/smj.2904​",2020-09-01,,,Franciska de Jong Lorenz Makula Joaquin Lopez IMS,reject,,"FdJ: not specific for EOSC/OSCARS; add 'systems' in addition to 'actors'?
JLL: ATTENTION — ""ecosystem"" carries a specific biological meaning that may cause confusion in biodiversity research communities. Recommend adding a scope note to distinguish it from the biological ecosystem concept. IMS: clarify and distinguish or reject",Ecosystem,ecosystem,,actor,"set of ​actors with varying degrees of multi-lateral, non-generic complementarities that are not fully hierarchically controlled",,,,
emergent behaviour,,,functions and purposes performed and carried out by a ​system that do not reside in any of its components​.,EOSC Glossary September 2020,"Maier, M. W. (1996) Architecting Principles for Systems-of-Systems INCOSE International Symposium, Vol. 6, Issue 1, doi: ​10.1002/j.2334-5837.1996.tb02054.x​.",2020-09-01,,,Franciska de Jong Joaquin Lopez Lorenz Makula,reject,,"FdJ: not specific for EOSC/OSCARS
Not specific to EOSC/OSCARS.",EmergentBehaviour,emergent behaviour,,system,functions and purposes performed and carried out by a ​system that do not reside in any of its components​.,,,,
end-user,,,user​ who will ultimately be exploiting a ​resource​ or resources in accordance with the ​policies governing their use.,EOSC Glossary September 2020,,2020-09-01,,,Franciska de Jong Joaquin Lopez Lorenz Makula,reject,,"FdJ: not specific for EOSC/OSCARS
Too generic.",EndUser,end-user,consumer,user,user​ who will ultimately be exploiting a ​resource​ or resources in accordance with the ​policies governing their use.,,,,
EOSC Association,EOSC-A,,European Open Science Cloud Association international non-profit ​organisation​ (AISBL) recognised as the contractual body for the ​EOSC Partnership​.,EOSC Glossary September 2020,"EOSC Executive Board. (2020). Draft proposal for a European Partnership under Horizon Europe European Open Science Cloud (EOSC) Partnership. https://ec.europa.eu/info/sites/info/files/research_and_innovation/funding/documents/ec_rtd_he- partnership-open-science-cloud-eosc.pdf​, modified –– reference to organisation instead of association.",2020-09-01,,,Franciska de Jong Lorenz Makula Joaquin Lopez,reject,,"FdJ: one is enough
Retain one entry. Check against EOSC Handbook 2026.",EoscAssociation,EOSC Association,,organisation,European Open Science Cloud Association international non-profit ​organisation​ (AISBL) recognised as the contractual body for the ​EOSC Partnership​.,,,eoscFut:EoscAssociation,
EOSC Core,,,"The components of EOSC that together deliver the essential operations of EOSC, including resource onboarding, discovery, ordering, use, monitoring, accounting and support, including the federated delivery of consistent services across a distributed ""system of systems"".",EOSCFuture project glossary,,2024-03-29,,,Franciska de Jong Joaquin Lopez Lorenz Makula,reject,DB:  outdated,Duplicate: EOSC-Core (with hyphen),EoscCore,EOSC Core,,,"The components of EOSC that together deliver the essential operations of EOSC, including resource onboarding, discovery, ordering, use, monitoring, accounting and support, including the federated delivery of consistent services across a distributed ""system of systems"".",,,,eoscG2020:EoscCore
EOSC Core Interoperability Guideline,,,"EOSC Interoperability guideline to enable compatibility with specific EOSC Core services, including EOSC monitoring, EOSC accounting, and EOSC helpdesk.",EOSCFuture project glossary,,2024-03-29,,,Franciska de Jong Joaquin Lopez Lorenz Makula,reject,FdJ: outdated,,EoscCoreInteroperabilityGuideline,EOSC Core Interoperability Guideline,,,"EOSC Interoperability guideline to enable compatibility with specific EOSC Core services, including EOSC monitoring, EOSC accounting, and EOSC helpdesk.",,,,
EOSC Exchange,,,"The collection of resources and organisations onboarded to the EOSC Platform, visible in the EOSC Resource Catalogue and EOSC Marketplace, and findable accessible and usable by EOSC Users.",EOSCFuture project glossary,,2024-03-29,,,Lorenz Makula Franciska de Jong Joaquin LopezMN,reject,,"FdJ: definition  to be checked against definition in EOSC Handbook 2026
Check definition against EOSC Handbook 2026.",EoscExchange,EOSC Exchange,,,"The collection of resources and organisations onboarded to the EOSC Platform, visible in the EOSC Resource Catalogue and EOSC Marketplace, and findable accessible and usable by EOSC Users.",,,,eoscG2020:EoscExchange
EOSC Exchange Interoperability Guideline,,,"EOSC-Exchange Interoperability Guidelines facilitate interoperation of services and resources within thematic areas. As such they are defined, proposed, and maintained by EOSC providers. Specifically, horizontal Interoperability Guidelines facilitate interoperation of services and resources across communities and infrastructures, and can communicate the interoperability capabilities and boundaries of frameworks utilised by communities.",EOSCFuture project glossary,,2024-03-29,,,Franciska de Jong Joaquin Lopez Lorenz Makula,reject,,"FdJ; see above
Check definition against EOSC Handbook 2026.",EoscExchangeInteroperabilityGuideline,EOSC Exchange Interoperability Guideline,,,"EOSC-Exchange Interoperability Guidelines facilitate interoperation of services and resources within thematic areas. As such they are defined, proposed, and maintained by EOSC providers. Specifically, horizontal Interoperability Guidelines facilitate interoperation of services and resources across communities and infrastructures, and can communicate the interoperability capabilities and boundaries of frameworks utilised by communities.",,,,
EOSC Interoperability Advisory Board,EIAB,,"Responsible for overseeing the EOSC Interoperability Framework; endorses/deprecates guidelines based on the recommendations of the EIAC. A temporary project-based composition has been established during the EOSC Future project, consisting of the Technical Coordination Board.",EOSCFuture project glossary,,2024-03-29,,,Franciska de Jong Joaquin Lopez Lorenz Makula MN,reject,,"Too generic without EOSC qualifier.  FdJ: If we have EOSC IF in, this one can be left out",EoscInteroperabilityAdvisoryBoard,EOSC Interoperability Advisory Board,,,"Responsible for overseeing the EOSC Interoperability Framework; endorses/deprecates guidelines based on the recommendations of the EIAC. A temporary project-based composition has been established during the EOSC Future project, consisting of the Technical Coordination Board.",,,,
EOSC Interoperability Area Chairs,EIAC,,"Responsible for performing the initial assessment of the proposed guidelines; makes recommendations to the EIAB as regards candidates for inclusion in the EOSC Interoperability Framework. A temporary project-based composition has been established during the EOSC Future project, consisting of the task leads of the Architecture and Interoperability work package.",EOSCFuture project glossary,,2024-03-29,,,Franciska de Jong Lorenz Makula Joaquin Lopez MN,reject,,"FdJ: If we have EOSC IF in, this one can be left out",EoscInteroperabilityAreaChairs,EOSC Interoperability Area Chairs,,,"Responsible for performing the initial assessment of the proposed guidelines; makes recommendations to the EIAB as regards candidates for inclusion in the EOSC Interoperability Framework. A temporary project-based composition has been established during the EOSC Future project, consisting of the task leads of the Architecture and Interoperability work package.",,,,
EOSC Interoperability Guideline,,,"Version-controlled document that describes standards to enable interoperability and explain how Providers can make their resources compatible with them. They outline the high-level protocols (such as REST) and low-level protocols (such as OAI-PMH), data models (e.g. DCAT model), and schemas (e.g. DCAT JSON schema) that need to be implemented or customized to ensure compatibility with each guideline. Guidelines specify the essential technical requirements and configurations that providers should follow in order to make their services compatible with the interoperability guidelines. EOSC Interoperability Guidelines pass a validation process, after which they are onboarded (registered) into the EOSC IF registry.",EOSCFuture project glossary,,2024-03-29,,,Franciska de Jong Lorenz Makula Joaquin Lopez MN,reject,,"JLL: Central concept for EOSC interoperability — SELECT.    FdJ: If we have EOSC IF in, this one can be left out",EoscInteroperabilityGuideline,EOSC Interoperability Guideline,,,"Version-controlled document that describes standards to enable interoperability and explain how Providers can make their resources compatible with them. They outline the high-level protocols (such as REST) and low-level protocols (such as OAI-PMH), data models (e.g. DCAT model), and schemas (e.g. DCAT JSON schema) that need to be implemented or customized to ensure compatibility with each guideline. Guidelines specify the essential technical requirements and configurations that providers should follow in order to make their services compatible with the interoperability guidelines. EOSC Interoperability Guidelines pass a validation process, after which they are onboarded (registered) into the EOSC IF registry.",,,,
EOSC Interoperability Guideline Provider,,,Responsible for contributing and maintaining Interoperability Guidelines to the EOSC-IF Registry.,EOSCFuture project glossary,,2024-03-29,,,Franciska de Jong Lorenz Makula Joaquin Lopez MN,reject,,JLL:  Central concept for EOSC interoperability — SELECT.,EoscInteroperabilityGuidelineProvider,EOSC Interoperability Guideline Provider,,,Responsible for contributing and maintaining Interoperability Guidelines to the EOSC-IF Registry.,,,,
EOSC Marketplace,,,"A web-based interface to search, discover, access, order and use the resources available through the EOSC Exchange, exploiting a range of filtering options, leveraging the relationships available through the Interoperability Framework, and taking advantage of integrations with EOSC Core Services and among other compatible services in the EOSC Exchange.",EOSCFuture project glossary,,2024-03-29,,,Franciska de Jong Lorenz Makula Joaquin Lopez Alberto Iess MN,reject,FdJ: outdated,FdJ: term not mentioned at all in  EOSC Handbook 2026,EoscMarketplace,EOSC Marketplace,,,"A web-based interface to search, discover, access, order and use the resources available through the EOSC Exchange, exploiting a range of filtering options, leveraging the relationships available through the Interoperability Framework, and taking advantage of integrations with EOSC Core Services and among other compatible services in the EOSC Exchange.",,,,
EOSC Observatory,,,An interactive dashboard to facilitate the monitoring of (1) EOSC readiness by European Member States and Associated Countries (2) indicators for the EOSC Partnership (3) contributions to the EOSC Partnership and EOSC ecosystem (4) national policies on Open Science and EOSC. The observatory will publicly present results of the monitoring and provide an overview of the implementation of EOSC.,EOSCFuture project glossary,,2024-03-29,,,Franciska de Jong Lorenz Makula Joaquin Lopez MN,reject,FdJ: outdated,FdJ: term not mentioned at all in  EOSC Handbook 2026,EoscObservatory,EOSC Observatory,,,An interactive dashboard to facilitate the monitoring of (1) EOSC readiness by European Member States and Associated Countries (2) indicators for the EOSC Partnership (3) contributions to the EOSC Partnership and EOSC ecosystem (4) national policies on Open Science and EOSC. The observatory will publicly present results of the monitoring and provide an overview of the implementation of EOSC.,,,,
EOSC Onboarding Strategy Group,,,"Catalogue Operator Representatives for Community Catalogue from the INFRAEOSC-04-2018 (thematic projects), INFRAEOSC-05-2018-2019 (regional projects), and INFRAEOSC-07-2020 (horizontal projects) to ensure implementation/alignment of onboarding of Community catalogues; representatives of the EOSC Portal Onboarding Team (EPOT); operations and maintainer of the EOSC Profiles to ensure implementation according to decisions made within the E-OSG are considered by the EOSC Provider’s Portal developers. Other Provider Representatives interested in onboarding resources to the EOSC Resource Catalogue and EOSC Marketplace.",EOSCFuture project glossary,,2024-03-29,,,Franciska de Jong Joaquin Lopez Lorenz Makula MN,reject,FdJ: outdated,Too generic without EOSC qualifier.,EoscOnboardingStrategyGroup,EOSC Onboarding Strategy Group,,,"Catalogue Operator Representatives for Community Catalogue from the INFRAEOSC-04-2018 (thematic projects), INFRAEOSC-05-2018-2019 (regional projects), and INFRAEOSC-07-2020 (horizontal projects) to ensure implementation/alignment of onboarding of Community catalogues; representatives of the EOSC Portal Onboarding Team (EPOT); operations and maintainer of the EOSC Profiles to ensure implementation according to decisions made within the E-OSG are considered by the EOSC Provider’s Portal developers. Other Provider Representatives interested in onboarding resources to the EOSC Resource Catalogue and EOSC Marketplace.",,,,
EOSC Opportunity Area Expert Groups,,see cell A3; creation of a domain: EOSC Association?,mechanism for collaboration on technical and related matters within the Horizon Europe Co-programmed Partnership for EOSC.,https://eosc.eu/eosc-opportunity-area-expert-groups,,2026-07-13,,Franciska de Jong,,reject,can be rediscussed after first release,FdJ: added during concensus process,,,,,,,,,
EOSC Partnership,,see cell A3; creation of a domain: EOSC Association?,"Co-programmed European Partnership between the EOSC Association and European Commission to implement EOSC under Horizon Europe. The partnership is governed by the tripartite EOSC Partnership Board consisting of representatives from the EOSC Association, EOSC Steering Board, and European Commission. The European Commission will fund €490 million in project and procurement calls in the Work Programmes for EOSC under Horizon Europe. The EOSC Association will collectively via its members contribute in-kind activities to EOSC totalling at least €500 million for the duration of Horizon Europe.",EOSCFuture project glossary,,2024-03-29,,,Franciska de Jong Lorenz Makula Joaquin Lopez MN,reject,FdJ: outdated,Duplicate entry. Retain one entry. Check against EOSC Handbook 2026.,EoscPartnership,EOSC Partnership,,,"A Co-programmed European Partnership between the EOSC Association and European Commission to implement EOSC under Horizon Europe. The partnership is governed by the tripartite EOSC Partnership Board consisting of representatives from the EOSC Association, EOSC Steering Board, and European Commission. The European Commission will fund €490 million in project and procurement calls in the Work Programmes for EOSC under Horizon Europe. The EOSC Association will collectively via its members contribute in-kind activities to EOSC totalling at least €500 million for the duration of Horizon Europe.",,,eoscG2020:EoscPartnership,
EOSC Platform,,,"The EOSC Platform delivers the EOSC Core and EOSC Federation services as an integrated operational environment that enables EOSC research communities to take advantage of this suite of services. Exploiting EOSC Platform capabilities, research communities can add value to their own services in the Exchange and make them more useful and attractive to a wider range of science users. Furthermore, the EOSC Platform, with its extensible architecture, facilitates the addition of new capabilities (Core or Exchange - e.g. horizontal services such as the data transfer) to satisfy emerging user’s requirements. The EOSC Platform currently consists of services such as the comprehensive Resource Catalogues, the Marketplace, the EOSC Infrastructure Proxy for the EOSC Core services, the EOSC AAI Federation, the Helpdesk, the Monitoring, the Accounting, the Order Management, the Execution Framework and the EOSC Interoperability Framework registry.",EOSCFuture project glossary,,2024-03-29,,,Franciska de Jong Joaquin Lopez Lorenz Makula Alberto Iess MN,reject,FdJ: outdated,,EoscPlatform,EOSC Platform,,,"The EOSC Platform delivers the EOSC Core and EOSC Federation services as an integrated operational environment that enables EOSC research communities to take advantage of this suite of services. Exploiting EOSC Platform capabilities, research communities can add value to their own services in the Exchange and make them more useful and attractive to a wider range of science users. Furthermore, the EOSC Platform, with its extensible architecture, facilitates the addition of new capabilities (Core or Exchange - e.g. horizontal services such as the data transfer) to satisfy emerging user’s requirements. The EOSC Platform currently consists of services such as the comprehensive Resource Catalogues, the Marketplace, the EOSC Infrastructure Proxy for the EOSC Core services, the EOSC AAI Federation, the Helpdesk, the Monitoring, the Accounting, the Order Management, the Execution Framework and the EOSC Interoperability Framework registry.",,,,
EOSC Portal,,,"Gateway to research-enabling resources including research publications, data, software, and value-added services to support their research. Includes the EOSC Marketplace as well as Knowledge Hub, EOSC Observatory and other resources.",EOSCFuture project glossary,,2024-03-29,,,Franciska de Jong Joaquin Lopez Lorenz Makula Alberto Iess,reject,FdJ: outdated,,EoscPortal,EOSC Portal,,,"Gateway to research-enabling resources including research publications, data, software, and value-added services to support their research. Includes the EOSC Marketplace as well as Knowledge Hub, EOSC Observatory and other resources.",,,,
EOSC Portal Onboarding Team,EPOT,,"Collaborative team which manages and operates the EOSC Onboarding and Audit processes to populate the EOSC-Exchange, using the EOSC Profiles and assessing the compliance of resources with the EOSC Portal inclusion criteria derived from the EOSC Rules of Participation.",EOSCFuture project glossary,,2024-03-29,,,Franciska de Jong Joaquin Lopez Lorenz Makula Alberto Iess MN,reject,FdJ: outdated,,EoscPortalOnboardingTeam,EOSC Portal Onboarding Team,,,"Collaborative team which manages and operates the EOSC Onboarding and Audit processes to populate the EOSC-Exchange, using the EOSC Profiles and assessing the compliance of resources with the EOSC Portal inclusion criteria derived from the EOSC Rules of Participation.",,,,
EOSC Profile,,,"Metadata schema for the description of services, research products or other research artefacts that their providers choose to share with the EOSC user community through the EOSC Exchange, as well as for describing the organisations offering to provide these resources to EOSC. EOSC Profiles are specified by the EOSC Profile Interoperability Guideline, which defines the entities for which Profiles have been defined and their logical relationships as part of a larger data model.",EOSCFuture project glossary,,2024-03-29,,,Franciska de Jong Lorenz Makula Joaquin Lopez MN,reject,,,EoscProfile,EOSC Profile,,,"Metadata schema for the description of services, research products or other research artefacts that their providers choose to share with the EOSC user community through the EOSC Exchange, as well as for describing the organisations offering to provide these resources to EOSC. EOSC Profiles are specified by the EOSC Profile Interoperability Guideline, which defines the entities for which Profiles have been defined and their logical relationships as part of a larger data model.",,,,
EOSC Research Product Catalogue,,,"A catalogue containing all the Research Products (datasets, software, etc.) onboarded in EOSC, together with their context in the scholarly communication infrastructure, e.g. creators, organisations, funders, projects.",EOSCFuture project glossary,,2024-03-29,,,Franciska de Jong Lorenz Makula Joaquin Lopez,reject,,,EoscResearchProductCatalogue,EOSC Research Product Catalogue,,,"A catalogue containing all the Research Products (datasets, software, etc.) onboarded in EOSC, together with their context in the scholarly communication infrastructure, e.g. creators, organisations, funders, projects.",,,,
EOSC Resource Catalogue Interoperability Guideline,,,"EOSC Interoperability guideline to enable compatibility with the EOSC Resource Catalogue, including metadata formats such as the EOSC Profile, the OIDC protocol for authentication, etc.",EOSCFuture project glossary,https://wiki.eoscfuture.eu/display/PUBLIC/EOSC+Future+Glossary,2021-06-01, Lorenz Makula,,Joaquin Lopez Franciska de Jong MN,reject,can be rediscussed after first release,JLL:  Central to EOSC ecosystem — SELECT.,EoscResourceCatalogueInteroperabilityGuideline,EOSC Resource Catalogue Interoperability Guideline,,,"EOSC Interoperability guideline to enable compatibility with the EOSC Resource Catalogue, including metadata formats such as the EOSC Profile, the OIDC protocol for authentication, etc.",,,,
EOSC Steering Board,,see cell A3; ,An expert group consisting of representatives of European Member States and Associated Countries that advises the European Commission in the development and implementation of EOSC. The board is also one of the three bodies in the tripartite EOSC Partnership Board that governs the EOSC Partnership.,EOSCFuture project glossary,,2024-03-29,,,Joaquin Lopez Lorenz Makula MN Franciska de Jong,reject,can be rediscussed after first release,"FdJ:  Steering Board now features in Tripartite Governance; it is established by the EC, not EOSC-A; to be decided if needed at all",EoscSteeringBoard,EOSC Steering Board,,,An expert group consisting of representatives of European Member States and Associated Countries that advises the European Commission in the development and implementation of EOSC. The board is also one of the three bodies in the tripartite EOSC Partnership Board that governs the EOSC Partnership.,,,,
EOSC User,,,Any natural person or group of people who interacts with EOSC resources and services.,EOSCFuture project glossary,https://wiki.eoscfuture.eu/display/PUBLIC/EOSC+Future+Glossary,2021-06-01,,,Franciska de Jong Lorenz Makula Joaquin Lopez Alberto Iess,reject,,,EoscUser,EOSC User,,,Any natural person or group of people who interacts with EOSC resources and services.,,,,
EOSC-Core,,,"online platform​ providing the means to discover, share, access and re-use ​data​ and ​services​.",EOSC Glossary September 2020,,2020-09-01,,,Franciska de Jong Joaquin Lopez Lorenz Makula Alberto Iess MN,reject,FdJ: outdated?,Duplicate of EOSC Core entry (without hyphen),EoscCore,EOSC-Core,,online platform,"online platform​ providing the means to discover, share, access and re-use ​data​ and ​services​.","The ​EOSC-Core does not, itself, provide the means to transfer, store, process or preserve ​research data​.",,,eoscFut:EoscCore
EOSC-Exchange,,,set of ​services​ complementing the ​EOSC-Core​ (3.17beta) that store and exploit ​FAIR data encouraging its reuse.,EOSC Glossary September 2020,,2020-09-01,,,Franciska de Jong Lorenz Makula Joaquin Lopez MN,reject,FdJ: superfluous; see above the version without hyphen,JLL: Terminological consistency with EOSC Exchange entry (without hyphen),EoscExchange,EOSC-Exchange,,service,set of ​services​ complementing the ​EOSC-Core​ (3.17beta) that store and exploit ​FAIR data encouraging its reuse.,"EXAMPLE Examples of services included in the EOSC-Exchange are those that store, preserve or transport research data as well as those that compute against it.",,,eoscFut:EoscExchange
EOSC-Interoperability Framework,,,"The collection of EOSC Interoperability Guidelines onboarded to the EOSC Platform, visible in the EOSC IF Registry, which can be used to enable interoperability between individual EOSC Resources and EOSC Core services as well as interoperability between EOSC Resources (e.g. enabling data transfer, orchestration, etc.). The Framework includes the governance processes for reviewing, approving and accepting new Interoperability Guidelines into the IF Registry.",EOSCFuture project glossary,,2024-03-29,,,Franciska de Jong Lorenz Makula Joaquin Lopez Alberto Iess MN,reject,FdJ: duplication; see above the version without hyphen;,JLL: Central conceptual framework — SELECT.,EoscInteroperabilityFramework,EOSC-Interoperability Framework,,,"The collection of EOSC Interoperability Guidelines onboarded to the EOSC Platform, visible in the EOSC IF Registry, which can be used to enable interoperability between individual EOSC Resources and EOSC Core services as well as interoperability between EOSC Resources (e.g. enabling data transfer, orchestration, etc.). The Framework includes the governance processes for reviewing, approving and accepting new Interoperability Guidelines into the IF Registry.",,,,
EOSC-Interoperability Framework Registry,,,"A database of submitted and approved EOSC Interoperability Guidelines, based on an agreed profile of attributes.",EOSCFuture project glossary,,2024-03-29,,,Franciska de Jong Lorenz Makula Joaquin Lopez MN,reject,,JLL: Central conceptual framework — SELECT.,EoscInteroperabilityFrameworkRegistry,EOSC-Interoperability Framework Registry,,,"A database of submitted and approved EOSC Interoperability Guidelines, based on an agreed profile of attributes.",,,,
European Commission,EC,,The executive branch of the European Union,EOSCFuture project glossary,,2024-03-29,,,Franciska de Jong Joaquin Lopez Lorenz Makula MN,reject,,"FdJ: not specific for EOSC/OSCARS
Not specific to EOSC/OSCARS.",EuropeanCommission,European Commission,,,The executive branch of the European Union,,,,
European Open Science Cloud,,see cell A3; creation of a domain: EOSC Association?,the ​system resulting from the activities and initiatives promoted by the European Commission to support its ​policies​ on ​Open Science​ and ​Open Innovation 2.0​.,EOSC Glossary September 2020,"Candela, L., Mangione, D. (2020). Towards a Coherent and Shared Glossary for the European Open Science Cloud. https://docs.google.com/document/d/1wj9u8QWuCING1O3Lf_yWQJWftXhQwkN_4LzCz48feSQ /edit?usp=sharing​.",2020-09-01,,,Franciska de Jong Lorenz Makula Joaquin Lopez MN,reject,,"FdJ: out of the three origianl entries  for this term the definition copied from eosc.eu seems to best match the current status
",EuropeanOpenScienceCloud,European Open Science Cloud,EOSC,,the ​system resulting from the activities and initiatives promoted by the European Commission to support its ​policies​ on ​Open Science​ and ​Open Innovation 2.0​.,"Note 1 to entry: It is a trusted system providing seamless access to ​data and interoperable services. It supports the whole research ​data life-cycle​, from discovery and mining to storage, management, analysis and re-use across borders and disciplines. | Note 2 to entry: It consists of a set of interacting ​components​: ​actors​, ​services​, ​data​, policies​, and ​infrastructures​. | Note 3 to entry: It is implemented by adopting a federated, decentralised, distributed and participatory approach. | Note 4 to entry: The system performs functions and carries out purposes that do not reside in any component alone (aka ​emergent behaviour​).",,,eoscFut:EuropeanOpenScienceCloud
European Open Science Cloud,,,"European Open Science Cloud. An envisioned federation of research (data) infrastructures that will create a web of FAIR data and services for science. EOSC will be a key enabler for Open Science and will support researchers in sharing and exploiting research products (e.g as data, publications, and code) through value-added horizontal (i.e. cross-disciplinary) and thematic (i.e. discipline-specific) services. EOSC was developed in an initial implementation phase from 2016-2020 under Horizon 2020 and will be expanded in a second implementation phase via the EOSC Partnership from 2021-2027 under Horizon Europe.",EOSCFuture project glossary,,2024-03-29,,,Franciska de Jong Lorenz Makula Joaquin Lopez Alberto Iess MN,reject,,"FdJ: out of the three origianl entries  for this term the definition copied from eosc.eu seems to best match the current status
",EuropeanOpenScienceCloud,European Open Science Cloud,,,"European Open Science Cloud. An envisioned federation of research (data) infrastructures that will create a web of FAIR data and services for science. EOSC will be a key enabler for Open Science and will support researchers in sharing and exploiting research products (e.g as data, publications, and code) through value-added horizontal (i.e. cross-disciplinary) and thematic (i.e. discipline-specific) services. EOSC was developed in an initial implementation phase from 2016-2020 under Horizon 2020 and will be expanded in a second implementation phase via the EOSC Partnership from 2021-2027 under Horizon Europe.",,,,eoscG2020:EuropeanOpenScienceCloud
Executive Board,,,An expert group of representatives of the EOSC Association that is responsible for the day-to-day operational management of the EOSC Association. The executive board reports to the general assembly.,EOSCFuture project glossary,https://www.eosc.eu/sites/default/files/EOSC_Statutes.pdf,2020-07-01,,,Franciska de Jong Joaquin Lopez Lorenz Makula Alberto Iess MN,reject,outdated; current term is Board of Directors; see entry EOSC Board of Directors ,Too generic without EOSC qualifier,ExecutiveBoard,Executive Board,,,An expert group of representatives of the EOSC Association that is responsible for the day-to-day operational management of the EOSC Association. The executive board reports to the general assembly.,Domain: EOSC Association,,,
external platform,,,"ICT infrastructure that consists in a set of stable ​components providing the foundation upon which the ​actors of an ​ecosystem can develop complementary products, technologies, or services​, and that has the potential of creating network effects.",EOSC Glossary September 2020,,2020-09-01,,,Franciska de Jong Joaquin Lopez Lorenz Makula Alberto Iess MN,reject,,"FdJ, DB: not specific for EOSC/OSCARS
Not specific to EOSC/OSCARS.",ExternalPlatform,external platform,industry platform | platform,information and communication technology infrastructure,"ICT infrastructure that consists in a set of stable ​components providing the foundation upon which the ​actors of an ​ecosystem can develop complementary products, technologies, or services​, and that has the potential of creating network effects.",,,,
federated architecture,,,architecture​ of a ​federated cloud infrastructure​.,EOSC Glossary September 2020,,2020-09-01,,,Franciska de Jong Joaquin Lopez Lorenz Makula MN,reject,,Too generic; not specific to EOSC/OSCARS.,FederatedArchitecture,federated architecture,,architecture,architecture​ of a ​federated cloud infrastructure​.,,,,
federated cloud infrastructure,,,hybrid cloud​ realised within the scope of a ​federation​.,EOSC Glossary September 2020,,2020-09-01,,,Franciska de Jong Lorenz Makula Joaquin Lopez MN,reject,,,FederatedCloudInfrastructure,federated cloud infrastructure,federated infrastructure,hybrid cloud,hybrid cloud​ realised within the scope of a ​federation​.,,,,
Federated Identity Management for Research,FIM4R,,A collection of research communities working to enable federated identity management for their infrastructures.,EOSCFuture project glossary,,2024-03-29,,,Franciska de Jong Lorenz Makula Joaquin Lopez MN,reject,,,FederatedIdentityManagementForResearch,Federated Identity Management for Research,,,Federated Identity Management for Research. A collection of research communities working to enable federated identity management for their infrastructures.,,,,
Federation Capability,,,A functionality that is delivered by a federation for its members (e.g. helpdesk and monitoring in EOSC Future).,EOSCFuture project glossary,,2024-03-29,,,Franciska de Jong Lorenz Makula Joaquin Lopez,reject,,"FdJ:  from the two plural/singular variants the singular version ahs been selected, in line woththe ISO standard",FederationCapability,Federation Capability,,,A functionality that is delivered by a federation for its members (e.g. helpdesk and monitoring in EOSC Future).,,,,
Federation Interfaces,,,Technical standards and operating procedures that allow federation members to connect/use a specific federation capability (e.g. the interface defined in the helpdesk interoperability guidelines to connect a community helpdesk to the EOSC helpdesk).,EOSCFuture project glossary,,2024-03-29,,,Franciska de Jong Lorenz Makula Joaquin Lopez MN,reject,,FdJ:Term should preferably be EOSC Federation Interfaces; ,FederationInterfaces,Federation Interfaces,,,Technical standards and operating procedures that allow federation members to connect/use a specific federation capability (e.g. the interface defined in the helpdesk interoperability guidelines to connect a community helpdesk to the EOSC helpdesk).,,,,
federation member,,,actor​ that works together with other federation members in a ​federation​ to provide one or more services​.,EOSC Glossary September 2020,"FITSM. (2016). Part 0: Overview and vocabulary (2.4). https://www.fitsm.eu/download/280/​, modified –– reference to actor; Note has been removed.",2020-09-01,,,Franciska de Jong Lorenz Makula Joaquin Lopez MN,reject,,"FdJ: not specific for EOSC/OSCARS
Better or not if term would be replaced by be EOSC Federation member?",FederationMember,federation member,,actor,actor​ that works together with other federation members in a ​federation​ to provide one or more services​.,,,,
"Findable, Accessible, Interoperable, Reusable",FAIR,,"Findable, Accessible, Interoperable, Reusable. Four guiding principles for research data management and stewardship that consist of metadata protocols for making digital research objects (e.g. publications, data, and code) machine-actionable (i.e. the capacity of computational systems to find, access, interoperate, and reuse data with none or minimal human intervention).",EOSCFuture project glossary,,2024-03-29,,,Franciska de Jong Joaquin Lopez Lorenz Makula MN,reject,,Covered by 'FAIR principles'.,Fair,"Findable, Accessible, Interoperable, Reusable",,,"Findable, Accessible, Interoperable, Reusable. Four guiding principles for research data management and stewardship that consist of metadata protocols for making digital research objects (e.g. publications, data, and code) machine-actionable (i.e. the capacity of computational systems to find, access, interoperate, and reuse data with none or minimal human intervention).",,,,
General Assembly,,see cell A3; creation of a domain: EOSC Association?,"Supreme authoritative body of the ​governance structure​ that has all powers except those expressly reserved or delegated to the other bodies of the ​EOSC Association​ by the Code of companies and associations, the Statutes or by a decision passed by itself.",EOSC Glossary September 2020,"EOSC AISBL Statutes, (2020), FINAL. https://www.eoscsecretariat.eu/sites/default/files/eosc_statutes.pdf​, modified –– reference to body of the governance structure.",2020-09-01, Joaquin Lopez Lorenz Makula,, Franciska de Jong  Alberto Iess MN,reject,,"FdJ: The term should actually be 'EOSC General Assembly' Duplicate has been created with EOSC as prefix; 
",GeneralAssembly,General Assembly,,governance structure,"supreme authoritative body of the ​governance structure​ that has all powers except those expressly reserved or delegated to the other bodies of the ​EOSC Association​ by the Code of companies and associations, the Statutes or by a decision passed by itself.",The General Assembly is composed of one Delegate per ​Member​ and one Representative per ​Observer​. | Domain: EOSC Association,,,
Generic service,,see cell A2,,,,,Franciska de Jong Joaquin Lopez Lorenz Makula,,,reject,can be rediscussed after first release,definition still lacking,,,,,,,,,
governance structure,,,set of bodies of the ​EOSC Association​ responsible for the governance of ​EOSC​.,EOSC Glossary September 2020,,2020-09-01,,,Lorenz Makula Franciska de Jong Joaquin Lopez Alberto Iess MN,reject,,"FdJ: The term should actually be 'EOSC Governance Structure'; the sugegsted definition does't add anything meaningful to what the term already says
",GovernanceStructure,governance structure,,EOSC Association,set of bodies of the ​EOSC Association​ responsible for the governance of ​EOSC​.,,,,
helpdesk,,,"service offering help and support to EOSC users, providers and stakeholders.",EOSCFuture project glossary,https://wiki.eoscfuture.eu/display/PUBLIC/EOSC+Future+Glossary,2021-06-01,,,Lorenz Makula Franciska de Jong Joaquin Lopez Alberto Iess MN,reject,,"FdJ: The term should actually be 'EOSC Helpdesk'
Term should be EOSC Helpdesk.",Helpdesk,helpdesk,,,"A service offering help and support to EOSC users, providers and stakeholders.",,,,
high-performance computing infrastructure,,,computing infrastructure​ that enables the ​high performance computing paradigm​.,EOSC Glossary September 2020,,2020-09-01,,,Franciska de Jong Joaquin Lopez Lorenz Makula Alberto Iess MN,reject,,FdJ: definition of term *with* infrastructure has no added value over the one for 'just' HPC that also is an entry,HighPerformanceComputingInfrastructure,high-performance computing infrastructure,high performance computing infrastructure | HPC infrastructure,computing infrastructure,computing infrastructure​ enabling the ​high performance computing paradigm​.,,,,
high-performance computing paradigm,,,"computing ​paradigm that focuses on the efficient execution of compute intensive, tightly-coupled tasks. Given the high parallel communication requirements, the tasks are typically executed on low latency interconnects which makes it possible to share data very rapidly between a large numbers of processors working on the same problem. HPC systems are delivered through low latency clusters and supercomputers and are typically optimised to maximise the number of operations per seconds. The typical metrics are FLOPS, tasks/s, I/O rates.",EOSC Glossary September 2020,"​Glossary V3—EGIWiki​. Retrieved 19 June 2020, from https://wiki.egi.eu/wiki/Glossary_V3​.",2020-09-01,,,Lorenz Makula Franciska de Jong Joaquin Lopez Alberto Iess MN,reject,,,HighPerformanceComputingParadigm,high-performance computing paradigm,high performance computing paradigm | HPC paradigm,paradigm,"computing ​paradigm that focuses on the efficient execution of compute intensive, tightly-coupled tasks. Given the high parallel communication requirements, the tasks are typically executed on low latency interconnects which makes it possible to share data very rapidly between a large numbers of processors working on the same problem. HPC systems are delivered through low latency clusters and supercomputers and are typically optimised to maximise the number of operations per seconds. The typical metrics are FLOPS, tasks/s, I/O rates.",,,,
high-throughput computing infrastructure,,,computing infrastructure​ that enables the ​high throughput computing paradigm​.,EOSC Glossary September 2020,,2020-09-01,,,Franciska de Jong Joaquin Lopez Lorenz Makula,reject,,Not specific to EOSC/OSCARS.,HighThroughputComputingInfrastructure,high-throughput computing infrastructure,high throughput computing infrastructure | HTC infrastructure,computing infrastructure,computing infrastructure​ enabling the ​high throughput computing paradigm​.,,,,
high-throughput computing paradigm,,,"computing ​paradigm that focuses on the efficient execution of a large number of loosely-coupled tasks. Given the minimal parallel communication requirements, the tasks can be executed on clusters or physically distributed resources using grid technologies. HTC systems are typically optimised to maximise the throughput over a long period of time and a typical metric is jobs per month or year.",EOSC Glossary September 2020,"​Glossary V3—EGIWiki​. Retrieved 19 June 2020, from https://wiki.egi.eu/wiki/Glossary_V3​.",2020-09-01,,,Lorenz Makula Franciska de Jong Joaquin Lopez,reject,,,HighThroughputComputingParadigm,high-throughput computing paradigm,high throughput computing paradigm | HTC paradigm,paradigm,"computing ​paradigm that focuses on the efficient execution of a large number of loosely-coupled tasks. Given the minimal parallel communication requirements, the tasks can be executed on clusters or physically distributed resources using grid technologies. HTC systems are typically optimised to maximise the throughput over a long period of time and a typical metric is jobs per month or year.",,,,
Horizontal Service,,see cell A2,"A service that may be used by multiple communities, rather than one that is focussed on one particular community. The following characteristics have been agreed within the EOSC-Future project to define a horizontal service: The service needs to be able to be applied in a general way to solve a significantly large class of problems The service should be used by two or more research infrastructures",EOSCFuture project glossary,,2024-03-29,MN,Alberto Iess,Franciska de Jong Joaquin Lopez Lorenz Makula,reject,,"Duplicate term available; FdJ: definition overlaps with 'generic service'
AI: I prefer this to ""generic service"". 
MN: so far no definition for generic services available. ""horizontal s."" and ""generic s."" should reference each other",HorizontalService,Horizontal Service,,,"A service that may be used by multiple communities, rather than one that is focussed on one particular community. The following characteristics have been agreed within the EOSC-Future project to define a horizontal service: The service needs to be able to be applied in a general way to solve a significantly large class of problems The service should be used by two or more research infrastructures",,,,
Hosting Legal Entity,HLE,,"Set of guidelines to make ​digital repositories​ suitable for data and FAIR digital objects management​ and long-term preservation based on Transparency, Responsibility, User community, Sustainability and Technology (TRUST).",EOSCFuture project glossary,,2024-03-29,,,Franciska de Jong Joaquin Lopez Lorenz Makula MN,reject,,"FdJ: if relevant at all, the definition should be adjusted to the description of the EOSC Federation
",HostingLegalEntity,Hosting Legal Entity,,,"An institution registered as an EOSC resource provider, that is a legal entity and agrees to be accountable for resources onboarded to EOSC. Resources may be onboarded by a resource provider which is not a legal entity, but only if the Hosting Legal Entity field includes one legal entity already registered as resource provider, if this has been agreed in advance with them",,,,
hybrid cloud,,,"cloud infrastructure​ composed of two or more distinct cloud infrastructures (private, community, or public) that remain unique entities, but are bound together by standardized or proprietary technology that enables ​data​ and application portability (e.g., cloud bursting for load balancing between clouds).",EOSC Glossary September 2020,"Mell, P., & Grance, T. (2011). ​The NIST Definition of Cloud Computing. Recommendations of the National Institute of Standards and Technology​ (Special Publication 800-145; Reports on Computer Systems Technology). National Institute of Standards and Technology, Information Technology Laboratory. https://nvlpubs.nist.gov/nistpubs/Legacy/SP/nistspecialpublication800-145.pdf​.",2020-09-01,,,Franciska de Jong Joaquin Lopez Lorenz Makula,reject,FdJ: not used,,HybridCloud,hybrid cloud,,cloud infrastructure,"cloud infrastructure​ composed of two or more distinct cloud infrastructures (private, community, or public) that remain unique entities, but are bound together by standardized or proprietary technology that enables ​data​ and application portability (e.g., cloud bursting for load balancing between clouds).",,,,
Inclusion Criteria,,,"A set of defined requirements with which providers, catalogue operators and resources need to comply in order to be onboarded into EOSC",EOSCFuture project glossary,,2024-03-29,,,Franciska de Jong Joaquin Lopez Lorenz Makula MN,reject,,,InclusionCriteria,Inclusion Criteria,,,"A set of defined requirements with which providers, catalogue operators and resources need to comply in order to be onboarded into EOSC",,,,
Indicators of Compromise,IoC,,A piece of digital forensics which indicates a potential breach of a host system or network,EOSCFuture project glossary,,2024-03-29,,,Franciska de Jong Joaquin Lopez Lorenz Makula MN,reject,,,IndicatorsOfCompromise,Indicators of Compromise,,,A piece of digital forensics which indicates a potential breach of a host system or network,,,,
information,,,"data​ that are processed, organized and correlated to produce meaning.  ",EOSC Glossary September 2020,ISO/IEC 20547-3:2020.,2020-09-01,,,Franciska de Jong Joaquin Lopez Lorenz Makula MN,reject,,"FdJ: not specific for EOSC/OSCARS
Not specific to EOSC/OSCARS.",Information,information,,data,"data​ that are processed, organized and correlated to produce meaning. [SOURCE: ISO/IEC 20547-3:2020.",,,,
information and communication technology infrastructure,,,"ICT infrastructure digital infrastructure enabling all categories of ubiquitous technology used for the gathering, storing, transmitting, retrieving, or processing of ​information (e.g., microelectronics, printed circuit boards, computing systems, software, signal processors, mobile telephony, satellite communications, and networks).",EOSC Glossary September 2020,"DoDI 5200.44, modified –– reference to digital infrastructure",2020-09-01,,,Franciska de Jong Joaquin Lopez Lorenz Makula,reject,,"FdJ: not specific for EOSC/OSCARS
Not specific to EOSC/OSCARS.",InformationAndCommunicationTechnologyInfrastructure,information and communication technology infrastructure,,digital infrastructure,"ICT infrastructure digital infrastructure enabling all categories of ubiquitous technology used for the gathering, storing, transmitting, retrieving, or processing of ​information (e.g., microelectronics, printed circuit boards, computing systems, software, signal processors, mobile telephony, satellite communications, and networks).",,,,
information technology infrastructure,,,"IT infrastructure ICT infrastructure consisting of all the technical components, system software, databases and data files and deployed application software, technical procedures, and technical documentation used to make the ​information​ available.",EOSC Glossary September 2020,"ISO/IEC 16350:2015, modified –– reference to digital infrastructure.",2020-09-01,,,Franciska de Jong Joaquin Lopez Lorenz Makula MN,reject,,"FdJ: not specific for EOSC/OSCARS
Not specific to EOSC/OSCARS.",InformationTechnologyInfrastructure,information technology infrastructure,,information and communication technology infrastructure,"IT infrastructure ICT infrastructure consisting of all the technical components, system software, databases and data files and deployed application software, technical procedures, and technical documentation used to make the ​information​ available.",,,,
infrastructure,,,"​system of facilities, equipment and ​services needed for the operation of an organization",EOSC Glossary September 2020,"ISO 9000:2015, modified –– example and Note 1 to entry have been added",2020-09-01,,,Franciska de Jong Joaquin Lopez Lorenz Makula Alberto Iess,reject,,"FdJ: not specific for EOSC/OSCARS; Alternative: digital infrasgtructiure (see above)
Too generic; prefer digital infrastructure.",Infrastructure,infrastructure,,component,"​system of facilities, equipment and ​services needed for the operation of an organization","Domain: organisation | EXAMPLE All the facilities, hardware, software and data required to run and maintain a repository; the repository itself can be seen both as a service, if it is used directly by an end-user, or as an infrastructure, if it is used as a component in a more complex system. | Note 1 to entry: Infrastructure is a relational concept: a ​resource becomes an infrastructure when it is needed in order to enable a service that otherwise could not be offered.",,,
Infrastructure and value-added services,,,Generic capabilities that users/customers or thematic services can use to perform/ease compute and data intensive steps.,EOSCFuture project glossary,,2024-03-29,,,Franciska de Jong Joaquin Lopez Lorenz Makula Alberto Iess MN,reject,,"FdJ: not specific for EOSC/OSCARS
Too generic; prefer digital infrastructure.",InfrastructureAndValueAddedServices,Infrastructure and value-added services,,,Generic capabilities that users/customers or thematic services can use to perform/ease compute and data intensive steps. Example services within this group: IaaS clouds; HTC clusters; Container execution sites; Orchestrators; Schedulers; File transfer; Data replication,, IaaS clouds; HTC clusters; Container execution sites; Orchestrators; Schedulers; File transfer; Data replication,,
Infrastructure Operator,,,The body responsible for running an EOSC Core service.,EOSCFuture project glossary,https://wiki.eoscfuture.eu/display/PUBLIC/EOSC+Future+Glossary,2021-06-01,,,Franciska de Jong Joaquin Lopez Lorenz Makula MN,reject,FdJ: outdated,Too generic; prefer digital infrastructure.,InfrastructureOperator,Infrastructure Operator,,,The body responsible for running an EOSC Core service.,,,,
institutional repository,,see cell A2,repository​ serving a single ​organisation​.,EOSC Glossary September 2020,"CoreTrustSeal Standards and Certification Board. (2019). CoreTrustSeal Trustworthy Data Repositories Requirements: Glossary 2020–2022. https://doi.org/10.5281/zenodo.3632563​, modified –– reference to single organisation instead of research performing institution.",2020-09-01,, Lorenz Makula,IMS Franciska de Jong Joaquin Lopez,reject,can be rediscussed after first release,"FdJ: weird definition
Definition appears incomplete or unusual.",InstitutionalRepository,institutional repository,IR,repository,repository​ serving a single ​organisation​.,"Note 1 to entry: Often are generic, multisubject repositories; for example, within a university.",,,
interoperability,,,ability of two or more ​systems​ to exchange information and to make mutual use of the information that has been exchanged.,EOSC Glossary September 2020,"ISO 5127:2017, modified –– Note 1 to entry has been removed.",2020-09-01,Joaquin Lopez Alberto Iess MN,IMS Franciska de Jong Lorenz Makula,,reject,can be rediscussed after first release,"FdJ: implicit definition availble via  'EOSC interopeability framework', so can temporarily be missed
IMS: already explained within ""FAIR""; other terms would need to be added as well",Interoperability,interoperability,,system,ability of two or more ​systems​ to exchange information and to make mutual use of the information that has been exchanged.,,,,
Interoperability Guideline Provider,,,EOSC Provider contributing and maintaining Interoperability Guidelines to the EOSC-IF Registry.,EOSCFuture project glossary,https://wiki.eoscfuture.eu/display/PUBLIC/EOSC+Future+Glossary,2021-06-01,,Lorenz Makula,Joaquin Lopez Franciska de Jong MN,reject,can be rediscussed after first release,,InteroperabilityGuidelineProvider,Interoperability Guideline Provider,,,EOSC Provider contributing and maintaining Interoperability Guidelines to the EOSC-IF Registry.,,,,
knowledge,,,"maintained, processed, and interpreted ​information​.",EOSC Glossary September 2020,ISO 5127:2017.,2020-09-01,,,Franciska de Jong Joaquin Lopez Lorenz Makula Alberto Iess MN,reject,,"FdJ: not specific for EOSC/OSCARS
Not specific to EOSC/OSCARS.",Knowledge,knowledge,,information,"maintained, processed, and interpreted ​information​.",,,,
Lead provider,,,"Resource Organisation (Resource profile/ERP.BAI.3) that manages or delivers the resource, or that coordinates the Resource delivery in a federated scenario.",EOSCFuture project glossary,,2024-03-29,,,Franciska de Jong Lorenz Makula Joaquin Lopez Alberto Iess MN,reject,,"FdJ: check against Federation Handbook needed
Check against Federation Handbook.",LeadProvider,Lead provider,,,"Resource Organisation (Resource profile/ERP.BAI.3) that manages or delivers the resource, or that coordinates the Resource delivery in a federated scenario.",,,,
legal entity,,,organisation​ that has been established in accordance with the laws and customs of the country of origin or that has been constituted as an intergovernmental organisation pursuant to an international treaty in accordance with principles of international law. It cannot be a department of national governments or ministries.,EOSC Glossary September 2020,"EOSC AISBL Statutes, (2020), FINAL. https://www.eoscsecretariat.eu/sites/default/files/eosc_statutes.pdf​, modified –– reference to organisation",2020-09-01,,,Franciska de Jong Joaquin Lopez Lorenz Makula Alberto Iess MN,reject,,"FdJ: not specific for EOSC/OSCARS
Not specific to EOSC/OSCARS.",LegalEntity,legal entity,,organisation,organisation​ that has been established in accordance with the laws and customs of the country of origin or that has been constituted as an intergovernmental organisation pursuant to an international treaty in accordance with principles of international law. It cannot be a department of national governments or ministries.,,,,
machine-actionable,,,machine-readable​ and also in a form that a computing system may process in some automated fashion.,EOSC Glossary September 2020,"RDA DFT working group. (2019). DFT Vocabulary 4.0 Philadelphia. https://smw-rda.esc.rzg.mpg.de/dft-4.0.html​, modified –– reference to machine-readable; following the comments​ the concept has been added.",2020-09-01,MN,,Franciska de Jong Joaquin Lopez Lorenz Makula Alberto Iess,reject,can be rediscussed after first release,"FdJ: not specific for EOSC/OSCARS' self-explanatory term? similar to the rejected term machine-readanle?
",MachineActionable,machine-actionable,machine actionable,,machine-readable​ and also in a form that a computing system may process in some automated fashion.,"EXAMPLE Machine-actionable data, machine-actionable policy.",,,
machine-readable,,,"in a form that can be identified, recognised and extracted by a computer.",EOSC Glossary September 2020,"​CASRAI Research Data Management Glossary​. ​https://casrai.org/rdm-glossary/​, modified –– reference to identified, recognised and extracted instead of used and understood; following the comments​ the concept has been added.",2020-09-01,,,Franciska de Jong Joaquin Lopez Lorenz Makula Alberto Iess,reject,,"FdJ: not specific for EOSC/OSCARS
Not specific to EOSC/OSCARS.",MachineReadable,machine-readable,machine readable,machine-actionable,"in a form that can be identified, recognised and extracted by a computer.",,,,
Minimum Viable EOSC,,,"version of the ​EOSC​, consisting in the minimum set of ​components required for its deployment, according to a specification of the minimal functionality/features and quality of service, allowing to collect the maximum amount of EOSC ​stakeholders​’ feedback with the least effort.",EOSC Glossary September 2020,"Candela, L., Mangione, D. (2020). Towards a Coherent and Shared Glossary for the European Open Science Cloud. https://docs.google.com/document/d/1wj9u8QWuCING1O3Lf_yWQJWftXhQwkN_4LzCz48feSQ /edit?usp=sharing​.",2020-09-01,,,Franciska de Jong Joaquin Lopez Lorenz Makula Alberto Iess MN,reject,FdJ: outdated,Historical/transitional term; no longer current.,MinimumViableEosc,Minimum Viable EOSC,MVE,European Open Science Cloud,"version of the ​EOSC​, consisting in the minimum set of ​components required for its deployment, according to a specification of the minimal functionality/features and quality of service, allowing to collect the maximum amount of EOSC ​stakeholders​’ feedback with the least effort. [SOURCE: Candela, L., Mangione, D. (2020). Towards a Coherent and Shared Glossary for the European Open Science Cloud. https://docs.google.com/document/d/1wj9u8QWuCING1O3Lf_yWQJWftXhQwkN_4LzCz48feSQ /edit?usp=sharing​.",,,,
Monitoring,,,A service to monitor the usage of EOSC services and resources.,EOSCFuture project glossary,https://eosc.eu/wp-content/uploads/2023/08/EOSCPartnershipMF_Glossary.pdf,2023-08-01,,,Franciska de Jong Joaquin Lopez Lorenz Makula Alberto Iess MN,reject,,"FdJ: not specific for EOSC/OSCARS
Not specific to EOSC/OSCARS.",Monitoring,Monitoring,,,A service to monitor the usage of EOSC services and resources.,,,,
online platform,,,digital platform where ​users are brought together by a platform operator in order to facilitate an interaction.,EOSC Glossary September 2020,"COMMISSION STAFF WORKING DOCUMENT Online Platforms Accompanying the document Communication on Online Platforms and the Digital Single Market {COM(2016) 288}, modified –– reference to digital platform instead of ""two-sided"" or ""multi-sided"" markets.",2020-09-01,,,Franciska de Jong Joaquin Lopez Lorenz Makula Alberto Iess MN,reject,,"FdJ: not specific for EOSC/OSCARS
Not specific to EOSC/OSCARS.",OnlinePlatform,online platform,,digital platform,digital platform where ​users are brought together by a platform operator in order to facilitate an interaction.,"Note 1 to entry: Examples of interactions are an exchange of information, a commercial transaction, etc.",,,
open innovation,,,"distributed innovation process based on purposively managed knowledge flows across organizational boundaries, using pecuniary and non-pecuniary mechanisms in line with the organization's business model.",EOSC Glossary September 2020,"Chesbrough, Henry and Bogers, Marcel, Explicating Open Innovation: Clarifying an Emerging Paradigm for Understanding Innovation (April 15, 2014). Henry Chesbrough, Wim Vanhaverbeke, and Joel West, eds. New Frontiers in Open Innovation. Oxford: Oxford University Press, Forthcoming (pp. 3-28). Available at SSRN: https://ssrn.com/abstract=2427233​",2020-09-01,,,Franciska de Jong Joaquin Lopez Lorenz Makula MN,reject,,"FdJ: not specific for EOSC/OSCARS
Not specific to EOSC/OSCARS.",OpenInnovation,open innovation,OI,paradigm,"distributed innovation process based on purposively managed knowledge flows across organizational boundaries, using pecuniary and non-pecuniary mechanisms in line with the organization's business model.","Note 1 to entry: These flows of knowledge may involve knowledge inflows to the focal organization (leveraging external knowledge sources through internal processes), knowledge outflows from a focal organization (leveraging internal knowledge through external commercialization processes) or both (coupling external knowledge sources and commercialization activities). | Note 2 to entry: Innovation refers to the development and commercialization of new or improved products, processes or services, while the openness aspect is represented by the knowledge flows across the permeable organizational boundary. As an organizational construct, it is moreover the business model, which may be implicit or explicit, that puts the distributed innovation process into the organizational realm as it describes not only how value is created within the value network but also how it is captured by the involved organization(s).",,,
open innovation 2.0,,,open innovation​ ​paradigm​ based on the ​quadruple helix innovation model​.,EOSC Glossary September 2020,,2020-09-01,,,Franciska de Jong Joaquin Lopez Lorenz Makula,reject,,"FdJ: not specific for EOSC/OSCARS
Not specific to EOSC/OSCARS.",OpenInnovation20,open innovation 2.0,OI2,open innovation,open innovation​ ​paradigm​ based on the ​quadruple helix innovation model​.,,,,
research product,,,"data repositories, software repositories, and publication repositories.",EOSC Federation Handbook; https://zenodo.org/records/18454649,,2026-07-13,,,,,,,,,,,,,,,
Open Researcher and Contributor ID,ORCID,,non-proprietary alphanumeric code to uniquely identify authors and contributors of scholarly communication,EOSCFuture project glossary,,2024-03-29,,,Franciska de Jong Lorenz Makula Joaquin Lopez MN,reject,,"FdJ: not specific for EOSC/OSCARS
",OpenResearcherAndContributorId,Open Researcher and Contributor ID,,,Non-proprietary alphanumeric code to uniquely identify authors and contributors of scholarly communication,,,,
Order Management,,,service to manage the order and delivery of resources to EOSC users.,EOSCFuture project glossary,https://wiki.eoscfuture.eu/display/PUBLIC/EOSC+Future+Glossary,2021-06-01,,,Franciska de Jong Joaquin Lopez Lorenz Makula MN,reject,FdJ: outdated?,JLL: Too operational ,OrderManagement,Order Management,,,A service to manage the order and delivery of resources to EOSC users.,,,,
organisation,,,"actor​ that has its own functions with responsibilities, authorities and relationships to achieve its objectives.",EOSC Glossary September 2020,"ISO 9000:2015, modified –– Notes to entry are omitted; reference to actor instead of person or group of people.",2020-09-01,,,Franciska de Jong Joaquin Lopez Lorenz Makula,reject,,"FdJ: not specific for EOSC/OSCARS
Not specific to EOSC/OSCARS.",Organisation,organisation,,actor,"actor​ that has its own functions with responsibilities, authorities and relationships to achieve its objectives.",,,,
paradigm,,,recognized scientific achievement that for a time provide model problems and solutions to a community of practitioners.,EOSC Glossary September 2020,"Kuhn, T. S. (1970). The structure of scientific revolutions (2d ed., enlarged). University of Chicago Press, modified –– removed universally (two paradigms can co-exist and co-evolve; see Carayannis, E. G., & Campbell, D. F. J. (2009). ‘Mode 3’ and ‘Quadruple Helix’: Toward a 21st century fractal innovation ecosystem. ​International Journal of Technology Management​, ​46​(3/4), 201.​ ​https://doi.org/10.1504/IJTM.2009.023374​).",2020-09-01,,,Franciska de Jong Joaquin Lopez Lorenz Makula MN,reject,,"FdJ: not specific for EOSC/OSCARS
Not specific to EOSC/OSCARS.",Paradigm,paradigm,,,recognized scientific achievement that for a time provide model problems and solutions to a community of practitioners.,"The concept of paradigm implies that some accepted examples of actual scientific practice — examples which include law, theory, application, and instrumentation together — provide models from which spring particular coherent traditions of scientific research.",,,
Persistent Identifier,PID,,"long-lasting reference to a document, file, web page, or other object",EOSCFuture project glossary,EOSCFuture project glossary,2024-03-29, Joaquin Lopez IMS ,,Franciska de Jong  Lorenz Makula,reject,can be rediscussed after first release,see duplicate,PersistentIdentifier,Persistent Identifier,,,"Long-lasting reference to a document, file, web page, or other object",,,,
policy,,,"documented set of intentions, expectations, goals, rules and requirements, often formally expressed by top management representatives in an ​organisation​ or ​federation​.",EOSC Glossary September 2020,FITSM. (2016). ​FitSM-0: Overview and Vocabulary​. https://www.fitsm.eu/download/280/​; ​following the comments​ the definition will be reviewed.,2020-09-01,,,Franciska de Jong Joaquin Lopez Lorenz Makula MN,reject,,"Franciska de Jong
Not specific to EOSC/OSCARS.",Policy,policy,,component,"documented set of intentions, expectations, goals, rules and requirements, often formally expressed by top management representatives in an ​organisation​ or ​federation​.","Policies are then realised in processes, which are in turn made up of activities that people carry out according to defined procedures.",,,
Provider,,,"organisation operating a resource, whether operating a service or providing access to research artefacts for use or access by users not affiliated with the organisation itself.",EOSCFuture project glossary,,2024-03-29, Lorenz Makula,,Franciska de Jong Joaquin Lopez,reject,FdJ: definition to be improved,"FdJ: check against Federation Handbook needed; NB: we have EOSC Resource provider as term, but nominated for 'discussion' ...
.",Provider,Provider,,,"An organisation operating a resource, whether operating a service or providing access to research artefacts for use or access by users not affiliated with the organisation itself.",,,,eoscG2020:Provider
provider,,,resource provider user​ that manages and delivers a ​resource​ or resources.,EOSC Glossary September 2020,,2020-09-01,,,Franciska de Jong Lorenz Makula Joaquin Lopez,reject,,"FdJ: alternative term +definition preferred
",Provider,provider,,user,resource provider user​ that manages and delivers a ​resource​ or resources.,,,,eoscFut:Provider
Public Sector Information,PSI,,"The European PSI Directive (2003/98/EC) establishes a minimum set of rules for the re-use of PSI held by public sector bodies in the EU. The Directive has been updated by the PSI Directive 2019/1024/EU, which obliges Member States to make certain categories of data available for reuse.",EOSCFuture project glossary,https://eur-lex.europa.eu/eli/dir/2003/98/oj/eng,2003-11-17,,,Franciska de Jong Lorenz Makula Joaquin Lopez MN,reject,,,PublicSectorInformation,Public Sector Information,,,"The European PSI Directive (2003/98/EC) establishes a minimum set of rules for the re-use of PSI held by public sector bodies in the EU. The Directive has been updated by the PSI Directive 2019/1024/EU, which obliges Member States to make certain categories of data available for reuse.",,,,
quadruple helix innovation model,,,"non-linear interaction model in an ​ecosystem​ consisting of government, academic, industry and media-based and culture-based public ​stakeholders​.",EOSC Glossary September 2020,,2020-09-01,,,Franciska de Jong Joaquin Lopez Lorenz Makula MN,reject,,"FdJ: not specific for EOSC/OSCARS
Not specific to EOSC/OSCARS.",QuadrupleHelixInnovationModel,quadruple helix innovation model,,open innovation 2.0,"non-linear interaction model in an ​ecosystem​ consisting of government, academic, industry and media-based and culture-based public ​stakeholders​.",,,,
REsearch and Education Identity FEDerationS,REFEDS,,A group which articulates the mutual needs of research and education identity federations worldwide.,EOSCFuture project glossary,,2024-03-29,, Joaquin Lopez Lorenz Makula,Franciska de Jong,reject,can be rediscussed after first release,,ResearchAndEducationIdentityFederations,REsearch and Education Identity FEDerationS,,,A group which articulates the mutual needs of research and education identity federations worldwide.,,,,
research data,,,"data collected or produced in the course of scientific research activities and used as evidence in the research process, or commonly accepted in the research community as necessary to validate research findings and results.",EOSC Glossary September 2020,"DIRECTIVE (EU) 2019/1024 OF THE EUROPEAN PARLIAMENT AND OF THE COUNCIL of 20 June 2019 on open data and the re-use of public sector information (recast), modified –– reference to data.",2020-09-01,,,Franciska de Jong Joaquin Lopez Lorenz Makula MN,reject,can be rediscussed after first release,,ResearchData,research data,,data,"data collected or produced in the course of scientific research activities and used as evidence in the research process, or commonly accepted in the research community as necessary to validate research findings and results.",,,,
research funding organisation,RFO,,organisation​ which funds research.,EOSC Glossary September 2020,"Reinhardt, A., & Milzow, K. (2012). Evaluation in Research and Research Funding Organisations: European Practices. European Science Foundation. https://doi.org/10.22163/fteval.2012.97​, modified reference to organisation instead of governmental agency or private organisation.",2020-09-01,,,Joaquin Lopez Lorenz Makula IMS Franciska de Jong MN,reject,,FdJ: Not specific to EOSC/OSCARS; self-explanatory,ResearchFundingOrganisation,research funding organisation,RFO | research funder,organisation,organisation​ which funds research.,,,,
research performing organisation,RPO,,organisation​ which is itself realising research and which employs active researchers.,EOSC Glossary September 2020,"Reinhardt, A., & Milzow, K. (2012). Evaluation in Research and Research Funding Organisations: European Practices. European Science Foundation. https://doi.org/10.22163/fteval.2012.97​, modified –– reference to organisation instead of institution or organisation.",2020-09-01,,,Joaquin Lopez Lorenz Makula IMS Franciska de Jong Alberto Iess MN,reject,,"FdJ: check against Federation Handbook needed
Not specific to EOSC/OSCARS.",ResearchPerformingOrganisation,research performing organisation,RPO,organisation,organisation​ which is itself realising research and which employs active researchers.,,,,
Research Product,,,"A scientific or research output (classified as publication (literature), research data, research software, and ""other kinds of products""), accessible or linked from an EOSC Data Source (e.g. repository, scientific database, publisher archive aggregator, CRIS system), whose metadata might be ""harvested from"" the linking EOSC Data Source using a defined protocol (e.g. OAI-PMH).",EOSCFuture project glossary,,2024-03-29,,Alberto Iess,Franciska de Jong Joaquin Lopez Lorenz Makula MN,reject,can be rediscussed after first release,"FdJ: not specific for EOSC/OSCARS
AI: it is directly linked and esplicitly mentioned in the ""Resource"" entry",ResearchProduct,Research Product,,,"A scientific or research output (classified as publication (literature), research data, research software, and ""other kinds of products""), accessible or linked from an EOSC Data Source (e.g. repository, scientific database, publisher archive aggregator, CRIS system), whose metadata might be ""harvested from"" the linking EOSC Data Source using a defined protocol (e.g. OAI-PMH).",,,,
resource,,,any ​component​ available by ​EOSC​.,EOSC Glossary September 2020,[​following the comments​ a new definition has been proposed.,2020-09-01,,,Franciska de Jong Lorenz Makula Joaquin Lopez MN,reject,,FdJ: alternative term+definition is preferred; ,Resource,resource,,component,any ​component​ available by ​EOSC​.,,,,eoscFut:Resource
Rules of Participation,RoP,,"set of ​policies defining a minimal set of rights, obligations and accountability governing the activities of those participating in ​EOSC​.",EOSC Glossary September 2020,"Rules of Participation, modified — reference to policies.",2020-09-01,,,Franciska de Jong Lorenz Makula Joaquin Lopez Alberto Iess MN,reject,,FdJ: check against Federation Handbook needed,RulesOfParticipation,Rules of Participation,RoP,policy,"set of ​policies defining a minimal set of rights, obligations and accountability governing the activities of those participating in ​EOSC​.",,,,eoscFut:RulesOfParticipation
Rules of Participation,RoP,,The standards and conduct required of EOSC participants. EOSC participants agree to adhere to the RoP.,EOSCFuture project glossary,,2024-03-29,,,Franciska de Jong Lorenz Makula Joaquin Lopez Alberto Iess MN,reject,,FdJ: alternative term+definition is preferred; but chheck against Federation Ahndbook is needed,RulesOfParticipation,Rules of Participation,RoP,policy,The standards and conduct required of EOSC participants. EOSC participants agree to adhere to the RoP.,,,,eoscG2020:RulesOfParticipation
scientific knowledge graph,SKG,,"knowledge graph that represents the entities, artifacts, and relationships involved in a scientific workflow; structured to support traceability, reproducibility, and machine-actionable discovery across the research process.","Horizon Europe EOSC Work Programme, topic HORIZON-INFRA-2023-EOSC-01-03: ""Planning, tracking, and assessing scientific knowledge production"" ; OSTrails project","Ferguson, C. et al. (2021). Connected Research: The Potential of the PID Graph. https://www.sciencedirect.com/science/article/pii/S2666389920302440",2016-06-30,,,,,,"FdJ: term inserted by Daan; alignment with ISO principles to be discussed; Comment Daan: consider merging Scientific and Scholarly Knowledge Graph, it is used imprecise interchangingly, note that the commission uses ""Scientific"", and ""Scholarly"" is pushed by the libraries",ScientificKnowledgeGraph,scientific knowledge graph,SKG,knowledge graph,,"Scope extends beyond bibliographic metadata to include entities involved in the research workflow itself: datasets, software, instruments, services, and their provenance — in addition to research product publication metadata. ",,,
scholarly knowledge graph,SKG,,"knowledge graph in which nodes represent scholarly entities — publications, researchers, organizations, and venues; edges represent scholarly relations such as authorship, citation, and affiliation, supporting machine-actionable retrieval, comparison, and analysis of academic literature and its metadata","ORKG — TIB Leibniz Information Centre for Science and Technology & L3S Research Center, Leibniz University Hannover (Jaradeh, Auer, Stocker, D'Souza et al.); also NFDI4DataScience (NFDI4DS) consortium","Vahdati, S., Arndt, N., Auer, S., Lehmann, J. (2018). Unveiling Scholarly Communities over Knowledge Graphs. TPDL 2018. arXiv:1807.06816.
Karras, O. et al. (2022). A Scholarly Knowledge Graph-Powered Dashboard: Implementation and User Evaluation. Frontiers in Research Metrics and Analytics. https://doi.org/10.3389/frma.2022.934930",2026-07-16,,,,,,"FdJ: term inserted by Daan; alignment with ISO principles to be discussed; @Daan: consider merging Scientific and Scholarly Knowledge Graph, it is used imprecise interchangingly, note that the commission uses ""Scientific"", and ""Scholarly"" is pushed by the libraries",ScholarlyKnowledgeGraph,scholarly knowledge graph,SKG,knowledge graph,,"Focused on bibliographic/publication-centric entities and relations: publications, authors, institutions, venues, citations, affiliations.  In much of the literature this term is used interchangeably with ""Scientific Knowledge Graph"" ",,,
second iteration,,,second version of the ​MVE including functionalities and ​services dedicated to the requirements of government ​stakeholders​.,EOSC Glossary September 2020,"Jones, B., Devereux, C., & Mustajoki, H. (2019). ​Solutions for a Sustainable EOSC. A tinman report from the EOSC Sustainability Working Group​ (p. 19). EOSC Executive Board. Sustainability Working Group. https://www.eoscsecretariat.eu/system/files/solutions_for_a_sustainable_eosc_-_tinman_draft_ 02dec19.pdf​, modified –– added second version of the MVE including; reference to government stakeholders instead of end-users from the public sector.",2020-09-01,,,Franciska de Jong Joaquin Lopez Lorenz Makula Alberto Iess MN,reject,FdJ: outdated,,SecondIteration,second iteration,,Minimum Viable EOSC,second version of the ​MVE including functionalities and ​services dedicated to the requirements of government ​stakeholders​.,,,,
Secretariat,,,"body of the ​governance structure​ that advises and supports the ​General Assembly​ and the Board​, coordinates the implementation of their decisions, conducts day-to-day management and administers the finances of the ​EOSC Association​.",EOSC Glossary September 2020;  ,"EOSC AISBL Statutes, (2020), FINAL. https://www.eoscsecretariat.eu/sites/default/files/eosc_statutes.pdf​, modified –– reference to body of the governance structure.",2020-09-01,,,Joaquin Lopez Lorenz Makula IMS Franciska de Jong MN,reject,,"FdJ: term cen be rejected, as we have EOSC Secretariat in.
",Secretariat,Secretariat,,governance structure,"body of the ​governance structure​ that advises and supports the ​General Assembly​ and the Board​, coordinates the implementation of their decisions, conducts day-to-day management and administers the finances of the ​EOSC Association​.",,,,
Security for Collaboration among Infrastructure,SCI,, A collaborative activity of security representatives from large-scale distributed academic computing infrastructures managing cross-infrastructure operational security risks and building trust and developing policy standards,EOSCFuture project glossary,,2024-03-29,,,Franciska de Jong Lorenz Makula Joaquin Lopez MN,reject,,,Sci,Security for Collaboration among Infrastructure,,,Security for Collaboration among Infrastructure. A collaborative activity of security representatives from large-scale distributed academic computing infrastructures managing cross-infrastructure operational security risks and building trust and developing policy standards,,,,
Security Incident Response Trust framework for Federated Identity,SIRTFI,,REFEDS working group which enables the coordination of incident response across federated organisations.,EOSCFuture project glossary,,2024-03-29,,,Franciska de Jong Lorenz Makula Joaquin Lopez MN,reject,,,SecurityIncidentResponseTrustFrameworkForFederatedIdentity,Security Incident Response Trust framework for Federated Identity,,,REFEDS working group which enables the coordination of incident response across federated organisations.,,,,
service,,,means of delivering value for the ​end-user by facilitating outcomes the end-user wants to achieve.,EOSC Glossary September 2020,"ISO/IEC 20000-10:2018, modified –– reference to end-user instead of user; Note 2 to entry has been removed.",2020-09-01,,,Franciska de Jong Lorenz Makula Joaquin Lopez,reject,,FdJ see comments in other columns; instead the definition for duplicate Service is to be selected,Service,service,,component,means of delivering value for the ​end-user by facilitating outcomes the end-user wants to achieve.,Note 1 to entry: Service is generally intangible.,,unknown:Service,
service provider,,,provider​ that manages and delivers a ​service​ or services to ​end-users​.,EOSC Glossary September 2020,"FITSM. (2016). Part 0: Overview and vocabulary (2.4). https://www.fitsm.eu/download/280/​, modified –– reference to provider instead of organisation or part of an organisation;​ ​reference to end-users instead of customers; the federation references have been removed.",2020-09-01,,,Franciska de Jong Lorenz Makula Joaquin Lopez MN,reject,,Fdj: covered by defeinition of EOSC resource provider,ServiceProvider,service provider,,provider,provider​ that manages and delivers a ​service​ or services to ​end-users​.,,,,
service providing organisation,SPO,,organisation​ or part of an organisation that manages and delivers a ​service​ or services to end-users​.,EOSC Glossary September 2020,"FITSM. (2016). Part 0: Overview and vocabulary (2.4). https://www.fitsm.eu/download/280/​, modified –– reference to end-users instead of customers; the federation references have been removed.",2020-09-01,,,Franciska de Jong Joaquin Lopez Lorenz Makula MN,reject,,Not specific to EOSC/OSCARS.,ServiceProvidingOrganisation,service providing organisation,,organisation,organisation​ or part of an organisation that manages and delivers a ​service​ or services to end-users​.,,,,
Software Quality Assurance,SQA,,A process which works in parallel with software development to ensure that the software meets the required quality.,EOSCFuture project glossary,,2024-03-29,MN,,Franciska de Jong Joaquin Lopez Lorenz Makula,reject,can be rediscussed after first release,"FdJ: not specific for EOSC/OSCARS' self-explanatory
Not specific to EOSC/OSCARS.",SoftwareQualityAssurance,Software Quality Assurance,,,A process which works in parallel with software development to ensure that the software meets the required quality.,,,,
SQA as a Service,SQAaaS,,The provision of services which provide SQA.,EOSCFuture project glossary,,2024-03-29,,,Franciska de Jong Joaquin Lopez Lorenz Makula Alberto Iess MN,reject,,"FdJ: not specific for EOSC/OSCARS
Not specific to EOSC/OSCARS.",SqaAsAService,SQA as a Service,,,The provision of services which provide SQA.,,,,
stakeholder,,,"actor​ that can affect, be affected by, or perceive itself to be affected by a decision or activity.",EOSC Glossary September 2020,"ISO 9000:2015, modified –– Note 1 to entry has been removed; reference to actor instead of person or organisation.",2020-09-01,MN,,Franciska de Jong Joaquin Lopez Lorenz Makula Alberto Iess,reject,,"FdJ: not specific for EOSC/OSCARS
Not specific to EOSC/OSCARS.",Stakeholder,stakeholder,,actor,"actor​ that can affect, be affected by, or perceive itself to be affected by a decision or activity.","EXAMPLE Customers, owners, people in an organisation, providers, bankers, regulators, unions, partners or society that can include competitors or opposing pressure groups.",,,
subject-based repository,,,disciplinary repository​ aimed at a specific subject.,EOSC Glossary September 2020,,2020-09-01,,,Franciska de Jong Lorenz Makula Joaquin Lopez Alberto Iess MN,reject,FdJ; not used,MN: feels again identical to disciplinary repository and domain repository,SubjectBasedRepository,subject-based repository,,disciplinary repository,disciplinary repository​ aimed at a specific subject.,,,,
system,,,set of ​components​ that are interrelated in order to obtain an ​emergent behaviour​.,EOSC Glossary September 2020,,2020-09-01,,,Franciska de Jong Joaquin Lopez Lorenz Makula Alberto Iess MN,reject,,"FdJ: not specific for EOSC/OSCARS
Not specific to EOSC/OSCARS.",System,system,,,set of ​components​ that are interrelated in order to obtain an ​emergent behaviour​.,,,,
system of systems,,,"system developed by combining existing systems thus to guarantee (a) Operational independence (if the system-of-systems is disassembled into its component systems, the component systems must be able to usefully operate independently); (b) Managerial independence (the component systems are separately acquired and integrated but maintain a continuing operational existence independent of the system-of-systems); (c) Evolutionary development (the system-of-systems does not appear fully formed. Its development and existence is evolutionary with functions and purposes added, removed, and modified with experience); (e) ​Emergent behavior (the system performs functions and carries out purposes that do not reside in any component system. These behaviors are emergent properties of the entire system-of-systems and cannot be localized to any component system. The principal purposes of the systems-of-systems are fulfilled by these behaviors); (v) Geographic distribution (the geographic extent of the component systems is large. Large is a nebulous and relative concept as communication capabilities increase, but at a minimum it means that the components can readily exchange only information and not substantial quantities of mass or energy).",EOSC Glossary September 2020,"Maier, M. W. (1996) ​Architecting Principles for Systems-of-Systems INCOSE International Symposium, Vol. 6, Issue 1, doi: ​10.1002/j.2334-5837.1996.tb02054.x​.",2020-09-01,,,Franciska de Jong Joaquin Lopez Lorenz Makula Alberto Iess MN,reject,,Not specific to EOSC/OSCARS.,SystemOfSystems,system of systems,,system,"system developed by combining existing systems thus to guarantee (a) Operational independence (if the system-of-systems is disassembled into its component systems, the component systems must be able to usefully operate independently); (b) Managerial independence (the component systems are separately acquired and integrated but maintain a continuing operational existence independent of the system-of-systems); (c) Evolutionary development (the system-of-systems does not appear fully formed. Its development and existence is evolutionary with functions and purposes added, removed, and modified with experience); (e) ​Emergent behavior (the system performs functions and carries out purposes that do not reside in any component system. These behaviors are emergent properties of the entire system-of-systems and cannot be localized to any component system. The principal purposes of the systems-of-systems are fulfilled by these behaviors); (v) Geographic distribution (the geographic extent of the component systems is large. Large is a nebulous and relative concept as communication capabilities increase, but at a minimum it means that the components can readily exchange only information and not substantial quantities of mass or energy).",,,,
Task Force,,,A group of people brought together to work on a specific project or problem.,EOSCFuture project glossary,https://eosc.eu/wp-content/uploads/2023/08/EOSCPartnershipMF_Glossary.pdf,2024-03-29,MN ,,Franciska de Jong Joaquin Lopez Lorenz Makula Alberto Iess,reject,,"FdJ: not specific for EOSC/OSCARS
duplicate with EOSC prefix has been propsoed for selection",TaskForces,Task Forces,,,A group of people brought together to work on a specific project or problem.,,,,
Technical Coordination Board,TCB,,"Technical Coordination Board of the EOSC-Future project. Entity which oversees the technical direction of the project, represents technical stakeholders and ensures technical alignment with other initiatives.",EOSCFuture project glossary,,2024-03-29,,,Franciska de Jong Joaquin Lopez Lorenz Makula Alberto Iess,reject,,FdJ: Too generic without EOSC qualifier. Valid for a specifc project from the past mainly,TechnicalCoordinationBoard,Technical Coordination Board,,,"Technical Coordination Board of the EOSC-Future project. Entity which oversees the technical direction of the project, represents technical stakeholders and ensures technical alignment with other initiatives.",,,,
Technology Readiness Level,TRL,,An indication of the maturity of a service. ,EOSCFuture project glossary,,2024-03-29,Joaquin Lopez Lorenz Makula,,,reject,,"Fdj: definition in need of revision; for now a duplicate of the term has been selected with wikipedia definition
",TechnologyReadinessLevel,Technology Readiness Level,TRL,,"An indication of the maturity of a service. Within EOSC-Future the three most relevant levels are: TRL 7 (Beta). EC definition: ""System prototype demonstration in operational environment"". EOSC-Future assessment criteria: · Resource has passed through the development and is an advanced stage of pre-production: the software is stable, reliable and has been deployed in an operational environment · Functionality as required by the target users is documented, understood, validated with target sample users and accepted by them. Internal documentation exists regarding preliminary validation tests. · An assessment has been made of the required load of the system once the transition into production is complete and a plan has been made to serve this load. This assessment has been documented. · An SLA is optional. TRL8 (Production). EC definition: ""System complete and qualified"". EOSC-Future assessment criteria: · There are users who are making real use of the resource and rely on it for their work. · Resource documentation for end-users exists and is made available. · An Acceptable Use Policy/Terms of Use/SLA/SLS is in place · Evidence that the Resource is being delivered in a way consistent with user expectations · Provision is made for user support, with response to incident and problem management TRL9 (Production). EC definition: ""Actual system proven in operational environment"". EOSC-Future assessment criteria: · All requirements of TRL 8 are met. · Customer feedback is gathered and documented. The Resource has been in a production state and relied upon by users for at least 1 year and evidence is provided to show this. · There are quantitative outputs as a direct result of resource usage. Further details can be found at https://eosc-portal.eu/providers-documentation/eosc-provider-portal-resource-maturity-classification See also ec.europa.eu/research/participants/data/ref/h2020/other/wp/2016-2017/annexes/h2020-wp1617-annex-ga_en.pdf page 29","Within EOSC-Future the three most relevant levels are: TRL 7 (Beta). EC definition: ""System prototype demonstration in operational environment"". EOSC-Future assessment criteria: · Resource has passed through the development and is an advanced stage of pre-production: the software is stable, reliable and has been deployed in an operational environment · Functionality as required by the target users is documented, understood, validated with target sample users and accepted by them. Internal documentation exists regarding preliminary validation tests. · An assessment has been made of the required load of the system once the transition into production is complete and a plan has been made to serve this load. This assessment has been documented. · An SLA is optional. TRL8 (Production). EC definition: ""System complete and qualified"". EOSC-Future assessment criteria: · There are users who are making real use of the resource and rely on it for their work. · Resource documentation for end-users exists and is made available. · An Acceptable Use Policy/Terms of Use/SLA/SLS is in place · Evidence that the Resource is being delivered in a way consistent with user expectations · Provision is made for user support, with response to incident and problem management TRL9 (Production). EC definition: ""Actual system proven in operational environment"". EOSC-Future assessment criteria: · All requirements of TRL 8 are met. · Customer feedback is gathered and documented. The Resource has been in a production state and relied upon by users for at least 1 year and evidence is provided to show this. · There are quantitative outputs as a direct result of resource usage. Further details can be found at https://eosc-portal.eu/providers-documentation/eosc-provider-portal-resource-maturity-classification See also ec.europa.eu/research/participants/data/ref/h2020/other/wp/2016-2017/annexes/h2020-wp1617-annex-ga_en.pdf page 29",,,
third iteration,,,third version of the ​MVE including functionalities and ​services dedicated to the requirements of industry and media-based and culture-based public ​stakeholders​.,EOSC Glossary September 2020,"Jones, B., Devereux, C., & Mustajoki, H. (2019). ​Solutions for a Sustainable EOSC. A tinman report from the EOSC Sustainability Working Group​ (p. 19). EOSC Executive Board. Sustainability Working Group. https://www.eoscsecretariat.eu/system/files/solutions_for_a_sustainable_eosc_-_tinman_draft_ 02dec19.pdf​, modified –– added third version of the MVE including; reference to media-based and culture-based public stakeholders instead of end-users from the private sector.",2020-09-01,,,Franciska de Jong Joaquin Lopez Lorenz Makula Alberto Iess MN,reject,FdJ: outdated,,ThirdIteration,third iteration,,Minimum Viable EOSC,third version of the ​MVE including functionalities and ​services dedicated to the requirements of industry and media-based and culture-based public ​stakeholders​.,,,,
user,,,actor​ that interacts with the ​EOSC​ or benefits from the EOSC during its utilization.,EOSC Glossary September 2020,"ISO/IEC/IEEE 15288:2015, modified –– reference to actor instead of individual or group; reference to EOSC; Note 1 to entry has been removed.",2020-09-01,,,Lorenz Makula Franciska de Jong Joaquin Lopez Alberto Iess MN,reject,,MN:   this term can be missed as we have EOSC user in the list,User,user,,actor,actor​ that interacts with the ​EOSC​ or benefits from the EOSC during its utilization.,,,,
Wise Information Security for E-infrastructures,WISE,,Community which enhances best practice in information security for IT infrastructures for research.,EOSCFuture project glossary,,2024-03-29,,,Lorenz Makula Franciska de Jong Joaquin Lopez MN,reject,,,WiseInformationSecurityForEInfrastructures,Wise Information Security for E-infrastructures,,,Community which enhances best practice in information security for IT infrastructures for research.,,,,
work package,WP,,Work package,EOSCFuture project glossary,,2024-03-29,MN,,Franciska de Jong Joaquin Lopez Alberto IessLorenz Makula,reject,,Not specific to EOSC/OSCARS.,WorkPackage,work package,WP,,Work package,,,,
,,,,,,,,,,NOTE,,,,,,,,,,,
,,,,,,,,,,NOTE,,,,,,,,,,,